Year,Month,Day,Date,Trade,Basis,Importer_KR,Importer_EN,Exporter_EN,Product_name_KR,Product_type_KR,Product_EN,Category,Origin_KR,Origin_EN,Export_country_KR,Export_country_EN
2016,2,23,2016-02-23,Import,Food import clearance (식품 통관),조은생약,JoEun Pharm ,OOO EXPOPANT,녹용,,Deer velvet,Velvet (unspecified),,,,
2016,2,25,2016-02-25,Import,Food import clearance (식품 통관),(주)수식품,Su Food (Mr. Choi),PROVELCO CO OPERATIVE LTD,건녹용,,Deer velvet (dried),Dried,,,,
2016,2,25,2016-02-25,Import,Food import clearance (식품 통관),주식회사 한국인삼공사,KGC,ROKLAND CORPORATION LTD,건녹용,,Deer velvet (dried),Dried,,,,
2016,3,4,2016-03-04,Import,Food import clearance (식품 통관),태안약업(주),Taeahn (Mr. Ahn),ROKLAND CORPORATION LTD,건녹용,,Deer velvet (dried),Dried,,,,
2016,3,24,2016-03-24,Import,Food import clearance (식품 통관),(주)한국인삼공사,KGC,PROVELCO CO OPERATIVE LTD,건녹용,,Deer velvet (dried),Dried,,,,
2016,3,30,2016-03-30,Import,Food import clearance (식품 통관),(주)수식품,Su Food (Mr. Choi),PROVELCO CO OPERATIVE LTD,생녹용,,Deer velvet (frozen),Frozen,,,,
2016,4,14,2016-04-14,Import,Food import clearance (식품 통관),(주)서화제약,SeoHwa Pharm.,GOLDEN FIELD(FAR EAST)LIMITED,건녹용,,Deer velvet (dried),Dried,,,,
2016,4,15,2016-04-15,Import,Food import clearance (식품 통관),(주)루스마르코,Looce Masco,OOO MORAUM-2,건녹용,,Deer velvet (dried),Dried,,,,
2016,4,15,2016-04-15,Import,Food import clearance (식품 통관),(주)한국인삼공사,KGC,ROKLAND CORPORATION LTD,건녹용,,Deer velvet (dried),Dried,,,,
2016,4,25,2016-04-25,Import,Food import clearance (식품 통관),(주)한국인삼공사,KGC,PROVELCO CO OPERATIVE LTD,건녹용,,Deer velvet (dried),Dried,,,,
2016,5,4,2016-05-04,Import,Food import clearance (식품 통관),(주)수식품,Su Food (Mr. Choi),PROVELCO CO OPERATIVE LTD,생녹용,,Deer velvet (frozen),Frozen,,,,
2016,5,16,2016-05-16,Import,Food import clearance (식품 통관),주신제약(주),JooShin Pharm,GUANGTIANDI HONG,녹각,,Hard antlers,Hard antler,,,,
2016,5,20,2016-05-20,Import,Food import clearance (식품 통관),(주)대한녹용수출입법인,"KVIE (Alex, HanPure)","XIFENG MINHE DEER PRODUCTS CO.,LTD",녹용,,Deer velvet,Velvet (unspecified),,,,
2016,5,26,2016-05-26,Import,Food import clearance (식품 통관),(주)한국인삼공사,KGC,PGG WRIGHTSON LTD-VELVET,건녹용,,Deer velvet (dried),Dried,,,,
2016,5,27,2016-05-27,Import,Food import clearance (식품 통관),(주)한국인삼공사,KGC,PROVELCO CO OPERATIVE LTD,녹용,,Deer velvet,Velvet (unspecified),,,,
2016,6,15,2016-06-15,Import,Food import clearance (식품 통관),(주)수식품,Su Food (Mr. Choi),PROVELCO CO OPERATIVE LTD,생녹용,,Deer velvet (frozen),Frozen,,,,
2016,6,20,2016-06-20,Import,Food import clearance (식품 통관),(주)한국인삼공사,KGC,PGG WRIGHTSON LTD-VELVET,건녹용,,Deer velvet (dried),Dried,,,,
2016,6,20,2016-06-20,Import,Food import clearance (식품 통관),(주)수식품,Su Food (Mr. Choi),PROVELCO CO OPERATIVE LTD,건녹용,,Deer velvet (dried),Dried,,,,
2016,6,21,2016-06-21,Import,Food import clearance (식품 통관),(주)수식품,Su Food (Mr. Choi),PROVELCO CO OPERATIVE LTD,생녹용,,Deer velvet (frozen),Frozen,,,,
2016,6,24,2016-06-24,Import,Food import clearance (식품 통관),주신제약(주),JooShin Pharm,GUANGTIANDI HONG,녹각,,Hard antlers,Hard antler,,,,
2016,6,28,2016-06-28,Import,Food import clearance (식품 통관),명가녹용 주식회사,MyungGa (Mr.Lee in Daegu),HYUN DAE DEER PRODUCTS LTD,녹용,,Deer velvet,Velvet (unspecified),,,,
2016,6,29,2016-06-29,Import,Food import clearance (식품 통관),한동허브,Handong Herb,PGG WRIGHTSON LTD-VELVET,생녹용,,Deer velvet (frozen),Frozen,,,,
2016,7,4,2016-07-04,Import,Food import clearance (식품 통관),바이칼허브,Baikal Herb,LLC ASIA GROUP,녹각,,Hard antlers,Hard antler,,,,
2016,7,5,2016-07-05,Import,Food import clearance (식품 통관),태안약업(주),Taeahn (Mr. Ahn),ROKLAND CORPORATION LTD,건녹용,,Deer velvet (dried),Dried,,,,
2016,7,21,2016-07-21,Import,Food import clearance (식품 통관),상녹제약(주),SangNok Pharm.,GUANGTIANDI HONG,녹각,,Hard antlers,Hard antler,,,,
2016,7,27,2016-07-27,Import,Food import clearance (식품 통관),(주)수식품,Su Food (Mr. Choi),PROVELCO CO OPERATIVE LTD,생녹용,,Deer velvet (frozen),Frozen,,,,
2016,8,1,2016-08-01,Import,Food import clearance (식품 통관),삼보제약,SamBo (Mr. Kang in Busan),UB BIO LIMITED,상대녹용절편,,Dried sliced deer velvet - Sangdae,Dried,,,,
2016,8,5,2016-08-05,Import,Food import clearance (식품 통관),(주)한국인삼공사,KGC,PGG WRIGHTSON LTD-VELVET,건녹용,,Deer velvet (dried),Dried,,,,
2016,9,7,2016-09-07,Import,Food import clearance (식품 통관),(주)용보제약,YongBo (Mr. Woljin Kim),ROKLAND CORPORATION LTD,건녹용,,Deer velvet (dried),Dried,,,,
2016,9,28,2016-09-28,Import,Food import clearance (식품 통관),(주)한국허브,HanKook Herb,UB BIO LIMITED,건녹용,,Deer velvet (dried),Dried,,,,
2016,10,10,2016-10-10,Import,Food import clearance (식품 통관),조은생약,JoEun Pharm ,LIMITED PARTNERSHIP MARALENOK,녹각,,Hard antlers,Hard antler,,,,
2016,10,11,2016-10-11,Import,Food import clearance (식품 통관),(주)대원알디티,DaeWon RTD,APK ABAISKY,건녹용,,Deer velvet (dried),Dried,,,,
2016,10,17,2016-10-17,Import,Food import clearance (식품 통관),(주)케이앤씨디어트레이드,KNC Deertrade,GORIZONT LLC,건녹용,,Deer velvet (dried),Dried,,,,
2016,10,17,2016-10-17,Import,Food import clearance (식품 통관),태안약업(주),Taeahn (Mr. Ahn),ROKLAND CORPORATION LTD,건녹용,,Deer velvet (dried),Dried,,,,
2016,10,26,2016-10-26,Import,Food import clearance (식품 통관),일성식품,Ilseong Food,OOO MARAL-ASOHRA,녹용,,Deer velvet,Velvet (unspecified),,,,
2016,10,26,2016-10-26,Import,Food import clearance (식품 통관),주식회사 한국인삼공사,KGC,PGG WRIGHTSON LTD-VELVET,건녹용,,Deer velvet (dried),Dried,,,,
2016,11,11,2016-11-11,Import,Food import clearance (식품 통관),주식회사 한국인삼공사,KGC,PGG WRIGHTSON LTD-VELVET,건녹용,,Deer velvet (dried),Dried,,,,
2016,11,11,2016-11-11,Import,Food import clearance (식품 통관),주식회사 한국인삼공사,KGC,ROKLAND CORPORATION LTD,건녹용,,Deer velvet (dried),Dried,,,,
2016,11,16,2016-11-16,Import,Food import clearance (식품 통관),(주)수식품,Su Food (Mr. Choi),DALIAN SHENG EN DEER PRODUCTS CO LTD,건녹용,,Deer velvet (dried),Dried,,,,
2016,11,17,2016-11-17,Import,Food import clearance (식품 통관),(주)수식품,Su Food (Mr. Choi),PROVELCO CO OPERATIVE LTD,건조절편녹용,,Dried sliced deer velvet,Dried,,,,
2016,11,18,2016-11-18,Import,Food import clearance (식품 통관),한선무역,Hansun Trading,HAN GANG GROUP INT'L TRADE CO LIMITED,녹각,,Hard antlers,Hard antler,,,,
2016,11,18,2016-11-18,Import,Food import clearance (식품 통관),조은생약,JoEun Pharm ,OOO EXPOPANT,녹용,,Deer velvet,Velvet (unspecified),,,,
2016,11,28,2016-11-28,Import,Food import clearance (식품 통관),태안약업(주),Taeahn (Mr. Ahn),BILLION WORLD TRADING LIMITED,녹각,,Hard antlers,Hard antler,,,,
2016,11,29,2016-11-29,Import,Food import clearance (식품 통관),바이칼허브,Baikal Herb,LLC ASIA GROUP,녹각,,Hard antlers,Hard antler,,,,
2016,12,5,2016-12-05,Import,Food import clearance (식품 통관),(주)용보제약,YongBo (Mr. Woljin Kim),ROKLAND CORPORATION LTD,건녹용,,Deer velvet (dried),Dried,,,,
2016,12,20,2016-12-20,Import,Food import clearance (식품 통관),(주)케이앤씨디어트레이드,KNC Deertrade,CK IMPORT EXPORT CO.(NZ) LTD,생녹용,,Deer velvet (frozen),Frozen,,,,
2016,12,30,2016-12-30,Import,Food import clearance (식품 통관),(주)한국허브,HanKook Herb,UB BIO LIMITED,건녹용,,Deer velvet (dried),Dried,,,,
2017,1,3,2017-01-03,Import,Food import clearance (식품 통관),(주)수식품,Su Food (Mr. Choi),PROVELCO CO OPERATIVE LTD,생녹용,,Deer velvet (frozen),Frozen,,,,
2017,1,16,2017-01-16,Import,Food import clearance (식품 통관),(주)서화제약,SeoHwa Pharm.,OOO MARAL-ASOHRA,녹용,,Deer velvet,Velvet (unspecified),,,,
2017,1,18,2017-01-18,Import,Food import clearance (식품 통관),(주)우성생약,WooSung (Mr Bang) ,PROVELCO CO OPERATIVE LTD,생녹용,,Deer velvet (frozen),Frozen,,,,
2017,1,31,2017-01-31,Import,Food import clearance (식품 통관),(주)대한녹용수출입법인,"KVIE (Alex, HanPure)","XIFENG MINHE DEER PRODUCTS CO.,LTD",녹용,,Deer velvet,Velvet (unspecified),,,,
2017,2,7,2017-02-07,Import,Food import clearance (식품 통관),(주)수식품,Su Food (Mr. Choi),FORTUNE METROPOLIS INVESTMENT COMPANY,건녹용,,Deer velvet (dried),Dried,,,,
2017,2,14,2017-02-14,Import,Food import clearance (식품 통관),(주)케이앤씨디어트레이드,KNC Deertrade,ROKLAND CORPORATION LIMITED,생녹용,,Deer velvet (frozen),Frozen,,,,
2017,2,22,2017-02-22,Import,Food import clearance (식품 통관),한동허브,Handong Herb,PROVELCO CO OPERATIVE LTD,생녹용,,Deer velvet (frozen),Frozen,,,,
2017,3,8,2017-03-08,Import,Food import clearance (식품 통관),명가녹용 주식회사,MyungGa (Mr.Lee in Daegu),PAREX INTERNATIONAL LTD,건녹용,,Deer velvet (dried),Dried,,,,
2017,3,9,2017-03-09,Import,Food import clearance (식품 통관),(주)수식품,Su Food (Mr. Choi),PROVELCO CO OPERATIVE LTD,생녹용,,Deer velvet (frozen),Frozen,,,,
2017,4,4,2017-04-04,Import,Food import clearance (식품 통관),허브앤솔루션,Herb&Solution,OOO MARAL-ASOHRA,녹용,,Deer velvet,Velvet (unspecified),,,,
2017,4,5,2017-04-05,Import,Food import clearance (식품 통관),주식회사 한국인삼공사,KGC,ROKLAND CORPORATION LIMITED,건녹용,,Deer velvet (dried),Dried,,,,
2017,4,12,2017-04-12,Import,Food import clearance (식품 통관),(주)수식품,Su Food (Mr. Choi),PROVELCO CO OPERATIVE LTD,생녹용,,Deer velvet (frozen),Frozen,,,,
2017,4,27,2017-04-27,Import,Food import clearance (식품 통관),한동허브,Handong Herb,CK IMPORT EXPORT CO.(NZ) LTD,생녹용,,Deer velvet (frozen),Frozen,,,,
2017,5,8,2017-05-08,Import,Food import clearance (식품 통관),주식회사 한국인삼공사,KGC,CK IMPORT EXPORT CO.(NZ) LTD,건녹용,,Deer velvet (dried),Dried,,,,
2017,5,12,2017-05-12,Import,Food import clearance (식품 통관),(주)케이앤씨디어트레이드,KNC Deertrade,CK IMPORT EXPORT CO.(NZ) LTD,생녹용,,Deer velvet (frozen),Frozen,,,,
2017,5,24,2017-05-24,Import,Food import clearance (식품 통관),주식회사 한국인삼공사,KGC,PROVELCO CO OPERATIVE LTD,건녹용,,Deer velvet (dried),Dried,,,,
2017,6,1,2017-06-01,Import,Food import clearance (식품 통관),(주)용보제약,YongBo (Mr. Woljin Kim),HYUN DAE DEER PRODUCTS LTD,건녹용,,Deer velvet (dried),Dried,,,,
2017,6,5,2017-06-05,Import,Food import clearance (식품 통관),화용제약,HwaYong Pharm.,"TIELING JIDA DEER PRODUCTS PROCESSING CO., LTD.",녹용,,Deer velvet,Velvet (unspecified),,,,
2017,6,5,2017-06-05,Import,Food import clearance (식품 통관),주식회사 한국인삼공사,KGC,CK IMPORT EXPORT CO.(NZ) LTD,건녹용,,Deer velvet (dried),Dried,,,,
2017,6,5,2017-06-05,Import,Food import clearance (식품 통관),동화무약,DongWha Pharmaceutical Trading Co.,OOO MARAL-ASOHRA,녹용,,Deer velvet,Velvet (unspecified),,,,
2017,6,14,2017-06-14,Import,Food import clearance (식품 통관),주식회사 한국인삼공사,KGC,HYUN DAE DEER PRODUCTS LTD,건녹용,,Deer velvet (dried),Dried,,,,
2017,6,19,2017-06-19,Import,Food import clearance (식품 통관),(주)용보제약,YongBo (Mr. Woljin Kim),HYUN DAE DEER PRODUCTS LTD,건녹용,,Deer velvet (dried),Dried,,,,
2017,6,20,2017-06-20,Import,Food import clearance (식품 통관),한동허브,Handong Herb,PGG WRIGHTSON LTD-VELVET,생녹용,,Deer velvet (frozen),Frozen,,,,
2017,6,21,2017-06-21,Import,Food import clearance (식품 통관),명가녹용 주식회사,MyungGa (Mr.Lee in Daegu),UB BIO LIMITED,건녹용,,Deer velvet (dried),Dried,,,,
2017,7,4,2017-07-04,Import,Food import clearance (식품 통관),주식회사 한국인삼공사,KGC,PROVELCO CO OPERATIVE LTD,건녹용,,Deer velvet (dried),Dried,,,,
2017,7,11,2017-07-11,Import,Food import clearance (식품 통관),주식회사 한국인삼공사,KGC,PGG WRIGHTSON LTD-VELVET,건녹용,,Deer velvet (dried),Dried,,,,
2017,7,11,2017-07-11,Import,Food import clearance (식품 통관),주식회사 한국인삼공사,KGC,CK IMPORT EXPORT CO.(NZ) LTD,건녹용,,Deer velvet (dried),Dried,,,,
2017,7,18,2017-07-18,Import,Food import clearance (식품 통관),한동허브,Handong Herb,OOO MARAL-ASOHRA,건녹용,,Deer velvet (dried),Dried,,,,
2017,7,19,2017-07-19,Import,Food import clearance (식품 통관),주식회사 한국인삼공사,KGC,PGG WRIGHTSON LTD-VELVET,건녹용,,Deer velvet (dried),Dried,,,,
2017,7,19,2017-07-19,Import,Food import clearance (식품 통관),(주)케이앤씨디어트레이드,KNC Deertrade,OOO MARAL-ASOHRA,건녹용,,Deer velvet (dried),Dried,,,,
2017,7,20,2017-07-20,Import,Food import clearance (식품 통관),삼보제약,SamBo (Mr. Kang in Busan),UB BIO LIMITED,건녹용,,Deer velvet (dried),Dried,,,,
2017,8,8,2017-08-08,Import,Food import clearance (식품 통관),주신제약(주),JooShin Pharm,FORTUNE METROPOLIS INVESTMENT COMPANY,녹각,,Hard antlers,Hard antler,,,,
2017,8,22,2017-08-22,Import,Food import clearance (식품 통관),(주)용보제약,YongBo (Mr. Woljin Kim),HYUN DAE DEER PRODUCTS LTD,건녹용,,Deer velvet (dried),Dried,,,,
2017,9,6,2017-09-06,Import,Food import clearance (식품 통관),한동허브,Handong Herb,HAN GANG GROUP INT'L TRADE CO LIMITED,녹각,,Hard antlers,Hard antler,,,,
2017,9,11,2017-09-11,Import,Food import clearance (식품 통관),태안약업(주),Taeahn (Mr. Ahn),GOLDEN FIELD(FAR EAST)LTD,녹용,,Deer velvet,Velvet (unspecified),,,,
2017,9,18,2017-09-18,Import,Food import clearance (식품 통관),(주)서화제약,SeoHwa Pharm.,EASTERNWARD TRADING CO.,녹각,,Hard antlers,Hard antler,,,,
2017,10,19,2017-10-19,Import,Food import clearance (식품 통관),(주)유한양행,Yuhan Corporation.,"CK IMPORT EXPORT CO.,LTD",연구용 건조 녹용,,Dried deer velvet - for research,Dried,,,,
2017,10,24,2017-10-24,Import,Food import clearance (식품 통관),삼보제약,SamBo (Mr. Kang in Busan),UB BIO LIMITED,녹용,,Deer velvet,Velvet (unspecified),,,,
2017,10,26,2017-10-26,Import,Food import clearance (식품 통관),(주)용보제약,YongBo (Mr. Woljin Kim),HYUN DAE DEER PRODUCTS LTD,녹용,,Deer velvet,Velvet (unspecified),,,,
2017,11,8,2017-11-08,Import,Food import clearance (식품 통관),(주)대원알디티,DaeWon RTD,APK ABAISKY,녹용,,Deer velvet,Velvet (unspecified),,,,
2017,11,14,2017-11-14,Import,Food import clearance (식품 통관),(주)케이앤씨디어트레이드,KNC Deertrade,PROVELCO CO OPERATIVE LTD,생녹용,,Deer velvet (frozen),Frozen,,,,
2017,11,15,2017-11-15,Import,Food import clearance (식품 통관),(주)대원알디티,DaeWon RTD,KARYAKINA A.F,건조녹용,,Deer velvet (dried),Dried,,,,
2017,12,27,2017-12-27,Import,Food import clearance (식품 통관),(주)케이앤씨디어트레이드,KNC Deertrade,PROVELCO CO OPERATIVE LTD,생녹용,,Deer velvet (frozen),Frozen,,,,
2017,12,28,2017-12-28,Import,Food import clearance (식품 통관),(주)유한양행,Yuhan Corporation.,ALPINE DEER NZ LP,연구용 건조 녹용,,Dried deer velvet - for research,Dried,,,,
2017,12,28,2017-12-28,Import,Food import clearance (식품 통관),삼보제약,SamBo (Mr. Kang in Busan),UB BIO LIMITED,녹용,,Deer velvet,Velvet (unspecified),,,,
2018,1,2,2018-01-02,Import,Food import clearance (식품 통관),한동허브,Handong Herb,PGG WRIGHTSON LTD-VELVET,생녹용,,Deer velvet (frozen),Frozen,,,,
2018,1,5,2018-01-05,Import,Food import clearance (식품 통관),(주)진수녹용,"Jinsoo Deer Co., Ltd.","TIELING JIDA DEER PRODUCTS PROCESSING CO., LTD.",건조녹용,,Deer velvet (dried),Dried,,,,
2018,1,10,2018-01-10,Import,Food import clearance (식품 통관),유진통상,Yujin Trade,ROKLAND CORPORATION LIMITED,생녹용,,Deer velvet (frozen),Frozen,,,,
2018,1,17,2018-01-17,Import,Food import clearance (식품 통관),(주)이룸제약법인,Ee Room Pharm.,"XIFENG COUNTY JIYUAN DEER PRODUCTS PROCESSING CO.,LTD",건조녹용,,Deer velvet (dried),Dried,,,,
2018,1,25,2018-01-25,Import,Food import clearance (식품 통관),대호제약주식회사,Daeho Pharm.,TSENGS ENTERPRISES (N.Z.) LIMITED,생녹용,,Deer velvet (frozen),Frozen,,,,
2018,1,25,2018-01-25,Import,Food import clearance (식품 통관),주식회사 한국인삼공사,KGC,PGG WRIGHTSON LTD-VELVET,건조녹용,,Deer velvet (dried),Dried,,,,
2018,2,6,2018-02-06,Import,Food import clearance (식품 통관),유진통상,Yujin Trade,ROKLAND CORPORATION LIMITED,생녹용,,Deer velvet (frozen),Frozen,,,,
2018,2,6,2018-02-06,Import,Food import clearance (식품 통관),(주)용보제약,YongBo (Mr. Woljin Kim),HYUN DAE DEER PRODUCTS LTD,녹용,,Deer velvet,Velvet (unspecified),,,,
2018,2,9,2018-02-09,Import,Food import clearance (식품 통관),주식회사 허브앤솔루션,Herb&Solution,PROVELCO CO OPERATIVE LTD,건조녹용,,Deer velvet (dried),Dried,,,,
2018,2,9,2018-02-09,Import,Food import clearance (식품 통관),(주)케이앤씨디어트레이드,KNC Deertrade,PROVELCO CO OPERATIVE LTD,생녹용,,Deer velvet (frozen),Frozen,,,,
2018,2,14,2018-02-14,Import,Food import clearance (식품 통관),삼보제약,SamBo (Mr. Kang in Busan),HYUN DAE DEER PRODUCTS LTD,녹용,,Deer velvet,Velvet (unspecified),,,,
2018,2,26,2018-02-26,Import,Food import clearance (식품 통관),(주)유한양행,Yuhan Corporation.,ALPINE DEER NZLP,녹용,,Deer velvet,Velvet (unspecified),,,,
2018,2,28,2018-02-28,Import,Food import clearance (식품 통관),주식회사 한국인삼공사,KGC,PGG WRIGHTSON LTD-VELVET,건조녹용,,Deer velvet (dried),Dried,,,,
2018,3,2,2018-03-02,Import,Food import clearance (식품 통관),태안약업(주),Taeahn (Mr. Ahn),"TIELING JIDA DEER PRODUCTS PROCESSING CO., LTD.",녹용,,Deer velvet,Velvet (unspecified),,,,
2018,3,5,2018-03-05,Import,Food import clearance (식품 통관),(주)대한녹용수출입법인,"KVIE (Alex, HanPure)","XIFENG MINHE DEER PRODUCTS CO.,LTD",녹용,,Deer velvet,Velvet (unspecified),,,,
2018,3,5,2018-03-05,Import,Food import clearance (식품 통관),명가녹용 주식회사,MyungGa (Mr.Lee in Daegu),PAREX INTERNATIONAL LTD,녹용,,Deer velvet,Velvet (unspecified),,,,
2018,3,13,2018-03-13,Import,Food import clearance (식품 통관),주식회사 한국인삼공사,KGC,PGG WRIGHTSON LTD-VELVET,건조녹용,,Deer velvet (dried),Dried,,,,
2018,3,14,2018-03-14,Import,Food import clearance (식품 통관),한동허브,Handong Herb,PROVELCO CO OPERATIVE LTD,생녹용,,Deer velvet (frozen),Frozen,,,,
2018,3,21,2018-03-21,Import,Food import clearance (식품 통관),(주)용보제약,YongBo (Mr. Woljin Kim),HYUN DAE DEER PRODUCTS LTD,녹용,,Deer velvet,Velvet (unspecified),,,,
2018,3,22,2018-03-22,Import,Food import clearance (식품 통관),유진통상,Yujin Trade,CK IMPORT EXPORT CO.(NZ) LTD,생녹용,,Deer velvet (frozen),Frozen,,,,
2018,3,27,2018-03-27,Import,Food import clearance (식품 통관),한동허브,Handong Herb,PGG WRIGHTSON LTD-VELVET,생녹용,,Deer velvet (frozen),Frozen,,,,
2018,3,30,2018-03-30,Import,Food import clearance (식품 통관),천호식품(주)양산공장,Chunho Food,PROVELCO CO OPERATIVE LTD,건조녹용,,Deer velvet (dried),Dried,,,,
2018,4,16,2018-04-16,Import,Food import clearance (식품 통관),(주)용보제약,YongBo (Mr. Woljin Kim),HYUN DAE DEER PRODUCTS LTD,건조녹용,,Deer velvet (dried),Dried,,,,
2018,4,20,2018-04-20,Import,Food import clearance (식품 통관),주식회사 한국인삼공사,KGC,PGG WRIGHTSON LTD-VELVET,건조녹용,,Deer velvet (dried),Dried,,,,
2018,5,1,2018-05-01,Import,Food import clearance (식품 통관),(주)천호엔케어,Chunho N Care,PROVELCO CO OPERATIVE LTD,건조녹용,,Deer velvet (dried),Dried,,,,
2018,5,8,2018-05-08,Import,Food import clearance (식품 통관),(주)우성생약,WooSung (Mr Bang) ,ALIAN F.T.Z. JUN FENG INTERNATIONAL INDUSTRTAL TRADE CO LTD,건조녹용,,Deer velvet (dried),Dried,,,,
2018,5,8,2018-05-08,Import,Food import clearance (식품 통관),주식회사 한국인삼공사,KGC,PGG WRIGHTSON LTD-VELVET,건조녹용,,Deer velvet (dried),Dried,,,,
2018,5,11,2018-05-11,Import,Food import clearance (식품 통관),(주)용보제약,YongBo (Mr. Woljin Kim),OOO MARAL-ASOHRA,건조녹용,,Deer velvet (dried),Dried,,,,
2018,5,11,2018-05-11,Import,Food import clearance (식품 통관),명가녹용 주식회사,MyungGa (Mr.Lee in Daegu),OOO MARAL-ASOHRA,건조녹용,,Deer velvet (dried),Dried,,,,
2018,5,15,2018-05-15,Import,Food import clearance (식품 통관),진가식품,Jinka Food,PROVELCO CO OPERATIVE LTD,생녹용,,Deer velvet (frozen),Frozen,,,,
2018,5,23,2018-05-23,Import,Food import clearance (식품 통관),유진통상,Yujin Trade,ROKLAND CORPORATION LIMITED,생녹용,,Deer velvet (frozen),Frozen,,,,
2018,5,29,2018-05-29,Import,Food import clearance (식품 통관),(주)천호엔케어,Chunho N Care,PROVELCO CO OPERATIVE LTD,건조녹용,,Deer velvet (dried),Dried,,,,
2018,5,29,2018-05-29,Import,Food import clearance (식품 통관),(주)이룸제약법인,Ee Room Pharm.,YIK LUNG TONG (H.K),건조녹용,,Deer velvet (dried),Dried,,,,
2018,6,5,2018-06-05,Import,Food import clearance (식품 통관),한동허브,Handong Herb,PGG WRIGHTSON LTD-VELVET,생녹용,,Deer velvet (frozen),Frozen,,,,
2018,6,21,2018-06-21,Import,Food import clearance (식품 통관),주식회사 한국인삼공사,KGC,PGG WRIGHTSON LTD-VELVET,건조녹용,,Deer velvet (dried),Dried,,,,
2018,6,21,2018-06-21,Import,Food import clearance (식품 통관),주식회사 한국인삼공사,KGC,PAREX INTERNATIONAL LTD.,건조녹용,,Deer velvet (dried),Dried,,,,
2018,6,29,2018-06-29,Import,Food import clearance (식품 통관),주식회사 한국인삼공사,KGC,ROKLAND CORPORATION LIMITED,건조녹용,,Deer velvet (dried),Dried,,,,
2018,7,10,2018-07-10,Import,Food import clearance (식품 통관),화용제약,HwaYong Pharm.,"DALIAN F.T.Z. BAOHUA INTERNATIONAL INDUSTRY TRADE CO., LTD.",건조녹용,,Deer velvet (dried),Dried,,,,
2018,7,16,2018-07-16,Import,Food import clearance (식품 통관),주식회사 한국인삼공사,KGC,PGG WRIGHTSON LTD-VELVET,건조녹용,,Deer velvet (dried),Dried,,,,
2018,7,18,2018-07-18,Import,Food import clearance (식품 통관),유진통상,Yujin Trade,CK IMPORT EXPORT CO.(NZ) LTD,생녹용,,Deer velvet (frozen),Frozen,,,,
2018,7,18,2018-07-18,Import,Food import clearance (식품 통관),명가녹용 주식회사,MyungGa (Mr.Lee in Daegu),UB BIO LIMITED,건조녹용,,Deer velvet (dried),Dried,,,,
2018,7,24,2018-07-24,Import,Food import clearance (식품 통관),(주)용보제약,YongBo (Mr. Woljin Kim),HYUN DAE DEER PRODUCTS LTD,건조녹용,,Deer velvet (dried),Dried,,,,
2018,7,31,2018-07-31,Import,Food import clearance (식품 통관),주식회사 한국인삼공사,KGC,PAREX INTERNATIONAL LTD.,건조녹용,,Deer velvet (dried),Dried,,,,
2018,8,14,2018-08-14,Import,Food import clearance (식품 통관),주식회사 한국인삼공사,KGC,PGG WRIGHTSON LTD-VELVET,건조녹용,,Deer velvet (dried),Dried,,,,
2018,8,21,2018-08-21,Import,Food import clearance (식품 통관),(주)유한양행,Yuhan Corporation.,ALPINE DEER NZLP,생녹용,,Deer velvet (frozen),Frozen,,,,
2018,8,30,2018-08-30,Import,Food import clearance (식품 통관),주식회사 한국인삼공사,KGC,PROVELCO CO OPERATIVE LTD,건조녹용,,Deer velvet (dried),Dried,,,,
2018,8,30,2018-08-30,Import,Food import clearance (식품 통관),주식회사 비봉허브,Bibong Herb,PROVELCO CO OPERATIVE LTD,건조녹용,,Deer velvet (dried),Dried,,,,
2018,9,13,2018-09-13,Import,Food import clearance (식품 통관),주식회사 한국인삼공사,KGC,PGG WRIGHTSON LTD-VELVET,건조녹용,,Deer velvet (dried),Dried,,,,
2018,10,10,2018-10-10,Import,Food import clearance (식품 통관),(주)시원생약,Siwon Pharmaceutical,ALPINE DEER NZLP,생녹용,,Deer velvet (frozen),Frozen,,,,
2018,10,11,2018-10-11,Import,Food import clearance (식품 통관),주식회사 한국인삼공사,KGC,PGG WRIGHTSON LTD-VELVET,건조녹용,,Deer velvet (dried),Dried,,,,
2018,10,16,2018-10-16,Import,Food import clearance (식품 통관),(주)케이앤씨디어트레이드,KNC Deertrade,CK IMPORT EXPORT CO.(NZ) LTD,생녹용,,Deer velvet (frozen),Frozen,,,,
2018,10,17,2018-10-17,Import,Food import clearance (식품 통관),주식회사 한국인삼공사,KGC,PGG WRIGHTSON LTD-VELVET,건조녹용,,Deer velvet (dried),Dried,,,,
2018,11,9,2018-11-09,Import,Food import clearance (식품 통관),일성식품,Ilseong Food,OOO MARAL-ASOHRA,건조녹용,,Deer velvet (dried),Dried,,,,
2018,11,23,2018-11-23,Import,Food import clearance (식품 통관),(주)한국온누리제약,Hankook Onnuri Pharm,TASMAN VELVET PROCESSORS LTD,생녹용,,Deer velvet (frozen),Frozen,,,,
2018,12,5,2018-12-05,Import,Food import clearance (식품 통관),㈜대흥제약,Daeheung Pharm,"OOO ""SEMINSKY""",건조녹용,,Deer velvet (dried),Dried,,,,
2018,12,6,2018-12-06,Import,Food import clearance (식품 통관),와이더블유 인터내셔날,YW International,"DALIAN F.T.Z MINGWEI INDUSTRY TRADE CO.,LTD",녹용,,Deer velvet,Velvet (unspecified),,,,
2018,12,13,2018-12-13,Import,Food import clearance (식품 통관),(주)케이앤씨디어트레이드,KNC Deertrade,CK IMPORT EXPORT CO.(NZ) LTD,생녹용,,Deer velvet (frozen),Frozen,,,,
2018,12,14,2018-12-14,Import,Food import clearance (식품 통관),(주)대흥제약,Daeheung Pharm,"DALIAN F.T.Z MINGWEI INDUSTRY TRADE CO.,LTD",녹용,,Deer velvet,Velvet (unspecified),,,,
2018,12,18,2018-12-18,Import,Food import clearance (식품 통관),(주)진수녹용,"Jinsoo Deer Co., Ltd.","XIFENG COUNTY JIYUAN DEER PRODUCTS PROCESSING CO.,LTD",건조녹용,,Deer velvet (dried),Dried,,,,
2018,12,21,2018-12-21,Import,Food import clearance (식품 통관),(주)케이앤씨디어트레이드,KNC Deertrade,CK IMPORT EXPORT CO.(NZ) LTD,생녹용,,Deer velvet (frozen),Frozen,,,,
2018,12,26,2018-12-26,Import,Food import clearance (식품 통관),화용제약,HwaYong Pharm.,"XIFENG MINHE DEER PRODUCTS CO.,LTD",녹용,,Deer velvet,Velvet (unspecified),,,,
2018,12,26,2018-12-26,Import,Food import clearance (식품 통관),한동허브,Handong Herb,PGG WRIGHTSON LTD-VELVET,생녹용,,Deer velvet (frozen),Frozen,,,,
2019,1,15,2019-01-15,Import,Food import clearance (식품 통관),일성식품,Ilseong Food,"XIFENG COUNTY JIYUAN DEER PRODUCTS PROCESSING CO.,LTD",녹용,,Deer velvet,Velvet (unspecified),,,,
2019,1,15,2019-01-15,Import,Food import clearance (식품 통관),신송강무역,ShinSongGang Trade,"AYULA CO.,LTD",녹용,,Deer velvet,Velvet (unspecified),,,,
2019,1,24,2019-01-24,Import,Food import clearance (식품 통관),주식회사 비봉허브,Bibong Herb,PROVELCO CO OPERATIVE LTD,건조녹용,,Deer velvet (dried),Dried,,,,
2019,1,28,2019-01-28,Import,Food import clearance (식품 통관),조은생약,JoEun Pharm ,UB BIO LIMITED,녹용,,Deer velvet,Velvet (unspecified),,,,
2019,1,31,2019-01-31,Import,Food import clearance (식품 통관),와이더블유 인터내셔날,YW International,PGG WRIGHTSON LTD-VELVET,냉동녹용,,Deer velvet (frozen),Frozen,,,,
2019,2,8,2019-02-08,Import,Food import clearance (식품 통관),한동허브,Handong Herb,PGG WRIGHTSON LTD-VELVET,생녹용,,Deer velvet (frozen),Frozen,,,,
2019,2,12,2019-02-12,Import,Food import clearance (식품 통관),(주)케이앤씨디어트레이드,KNC Deertrade,CK IMPORT EXPORT CO.(NZ) LTD,생녹용,,Deer velvet (frozen),Frozen,,,,
2019,2,15,2019-02-15,Import,Food import clearance (식품 통관),주식회사 한국인삼공사,KGC,PAREX INTERNATIONAL LTD,건조녹용,,Deer velvet (dried),Dried,,,,
2019,2,15,2019-02-15,Import,Food import clearance (식품 통관),(주)디에이치지글로벌,DHG Global,FORTUNE METROPOLIS INVESTMENT COMPANY,녹용,,Deer velvet,Velvet (unspecified),,,,
2019,2,27,2019-02-27,Import,Food import clearance (식품 통관),와이더블유 인터내셔날,YW International,TASMAN VELVETPROCESSORS LTD,냉동녹용,,Deer velvet (frozen),Frozen,,,,
2019,3,15,2019-03-15,Import,Food import clearance (식품 통관),진가식품,Jinka Food,CK IMPORT EXPORT CO.(NZ) LTD,생녹용,,Deer velvet (frozen),Frozen,,,,
2019,3,27,2019-03-27,Import,Food import clearance (식품 통관),(주)케이앤씨디어트레이드,KNC Deertrade,PAREX INTERNATIONAL LTD,생녹용,,Deer velvet (frozen),Frozen,,,,
2019,3,28,2019-03-28,Import,Food import clearance (식품 통관),(주)천호엔케어,Chunho N Care,PROVELCO CO OPERATIVE LTD,건조녹용,,Deer velvet (dried),Dried,,,,
2019,4,4,2019-04-04,Import,Food import clearance (식품 통관),주식회사 한국인삼공사,KGC,ROKLAND CORPORATION LIMITED,건조녹용,,Deer velvet (dried),Dried,,,,
2019,4,4,2019-04-04,Import,Food import clearance (식품 통관),주식회사 한국인삼공사,KGC,PGG WRIGHTSON LTD-VELVET,건조녹용,,Deer velvet (dried),Dried,,,,
2019,4,16,2019-04-16,Import,Food import clearance (식품 통관),(주)용보제약,YongBo (Mr. Woljin Kim),HYUN DAE DEER PRODUCTS LTD,녹용,,Deer velvet,Velvet (unspecified),,,,
2019,4,17,2019-04-17,Import,Food import clearance (식품 통관),명가녹용 주식회사,MyungGa (Mr.Lee in Daegu),PROVELCO CO OPERATIVE LTD,녹용,,Deer velvet,Velvet (unspecified),,,,
2019,4,22,2019-04-22,Import,Food import clearance (식품 통관),주식회사 비봉허브,Bibong Herb,PROVELCO CO OPERATIVE LTD,건조녹용,,Deer velvet (dried),Dried,,,,
2019,4,23,2019-04-23,Import,Food import clearance (식품 통관),진가식품,Jinka Food,UB BIO LIMITED,생녹용,,Deer velvet (frozen),Frozen,,,,
2019,4,23,2019-04-23,Import,Food import clearance (식품 통관),(주)케이앤씨디어트레이드,KNC Deertrade,CK IMPORT EXPORT CO.(NZ) LTD,생녹용,,Deer velvet (frozen),Frozen,,,,
2019,5,1,2019-05-01,Import,Food import clearance (식품 통관),하랑무약,Harang Muyak,ROKLAND CORPORATION LIMITED,생녹용,,Deer velvet (frozen),Frozen,,,,
2019,5,9,2019-05-09,Import,Food import clearance (식품 통관),와이더블유 인터내셔날,YW International,PGG WRIGHTSON LTD-VELVET,냉동녹용,,Deer velvet (frozen),Frozen,,,,
2019,5,21,2019-05-21,Import,Food import clearance (식품 통관),주식회사 한국인삼공사,KGC,ROKLAND CORPORATION LIMITED,건조녹용,,Deer velvet (dried),Dried,,,,
2019,5,21,2019-05-21,Import,Food import clearance (식품 통관),주식회사 한국인삼공사,KGC,ROKLAND CORPORATION LIMITED,건조녹용,,Deer velvet (dried),Dried,,,,
2019,5,21,2019-05-21,Import,Food import clearance (식품 통관),(주)천호엔케어,Chunho N Care,PROVELCO CO OPERATIVE LTD,건조녹용,,Deer velvet (dried),Dried,,,,
2019,6,4,2019-06-04,Import,Food import clearance (식품 통관),유진통상,Yujin Trade,"DALIAN F.T.Z. BAOHUA INTERNATIONAL INDUSTRY TRADE CO., LTD.",건조녹용,,Deer velvet (dried),Dried,,,,
2019,6,25,2019-06-25,Import,Food import clearance (식품 통관),주식회사 한국인삼공사,KGC,PGG WRIGHTSON LTD-VELVET,건조녹용,,Deer velvet (dried),Dried,,,,
2019,6,28,2019-06-28,Import,Food import clearance (식품 통관),진가식품,Jinka Food,PROVELCO CO OPERATIVE LTD,생녹용,,Deer velvet (frozen),Frozen,,,,
2019,7,2,2019-07-02,Import,Food import clearance (식품 통관),(주)원경약업사,Wonkyung Yakup,"XIFENG MINHE DEER PRODUCTS CO.,LTD",건조녹용,,Deer velvet (dried),Dried,,,,
2019,7,2,2019-07-02,Import,Food import clearance (식품 통관),(주)케이앤씨디어트레이드,KNC Deertrade,PAREX INTERNATIONAL LTD.,건녹용,,Deer velvet (dried),Dried,,,,
2019,7,2,2019-07-02,Import,Food import clearance (식품 통관),(주)케이앤씨디어트레이드,KNC Deertrade,IP SHPILEKOV ALEXEY MIKHAILOVICH,건녹용,,Deer velvet (dried),Dried,,,,
2019,7,12,2019-07-12,Import,Food import clearance (식품 통관),유진통상,Yujin Trade,OOO ALTAI-SAD,건조녹용,,Deer velvet (dried),Dried,,,,
2019,7,25,2019-07-25,Import,Food import clearance (식품 통관),(주)케이앤씨디어트레이드,KNC Deertrade,CK IMPORT EXPORT CO.(NZ) LTD,생녹용,,Deer velvet (frozen),Frozen,,,,
2019,7,29,2019-07-29,Import,Food import clearance (식품 통관),화용제약,HwaYong Pharm.,DALIAN F.T.Z. JUN FENG INTERNATIONAL  INDUSTRTAL TRADE CO LTD,녹용,,Deer velvet,Velvet (unspecified),,,,
2019,8,6,2019-08-06,Import,Food import clearance (식품 통관),주식회사 한국인삼공사,KGC,PGG WRIGHTSON LTD-VELVET,건조녹용,,Deer velvet (dried),Dried,,,,
2019,8,6,2019-08-06,Import,Food import clearance (식품 통관),유진통상,Yujin Trade,"TIELING GANGTONG DEER PRODUCTS PROCESSING CO.,LTD",건조녹용,,Deer velvet (dried),Dried,,,,
2019,8,28,2019-08-28,Import,Food import clearance (식품 통관),(주)케이앤씨디어트레이드,KNC Deertrade,PAREX INTERNATIONAL LTD,생녹용,,Deer velvet (frozen),Frozen,,,,
2019,8,28,2019-08-28,Import,Food import clearance (식품 통관),주식회사 한국인삼공사,KGC,PGG WRIGHTSON LTD-VELVET,건조녹용,,Deer velvet (dried),Dried,,,,
2019,8,28,2019-08-28,Import,Food import clearance (식품 통관),(주)우성생약,WooSung (Mr Bang) ,ROKLAND CORPORATION LIMITED,건조녹용,,Deer velvet (dried),Dried,,,,
2019,8,28,2019-08-28,Import,Food import clearance (식품 통관),주식회사 비봉허브,Bibong Herb,PROVELCO CO OPERATIVE LTD,건조녹용,,Deer velvet (dried),Dried,,,,
2019,9,25,2019-09-25,Import,Food import clearance (식품 통관),주식회사 한국인삼공사,KGC,PGG WRIGHTSON LTD-VELVET,건조녹용,,Deer velvet (dried),Dried,,,,
2019,10,2,2019-10-02,Import,Food import clearance (식품 통관),한동허브,Handong Herb,ALPINE DEER NZ LP,생녹용,,Deer velvet (frozen),Frozen,,,,
2019,10,15,2019-10-15,Import,Food import clearance (식품 통관),유진통상,Yujin Trade,OOO ALTAI-SAD,건조녹용,,Deer velvet (dried),Dried,,,,
2019,10,17,2019-10-17,Import,Food import clearance (식품 통관),(주)대흥제약,Daeheung Pharm,"OOO ""SEMINSKY""",녹용,,Deer velvet,Velvet (unspecified),,,,
2019,10,17,2019-10-17,Import,Food import clearance (식품 통관),진가식품,Jinka Food,CK IMPORT EXPORT CO.(NZ) LTD,생녹용,,Deer velvet (frozen),Frozen,,,,
2019,10,21,2019-10-21,Import,Food import clearance (식품 통관),주식회사 한국인삼공사,KGC,PGG WRIGHTSON LTD-VELVET,건조녹용,,Deer velvet (dried),Dried,,,,
2019,10,21,2019-10-21,Import,Food import clearance (식품 통관),일성식품,Ilseong Food,"OOO""MARAL-ASOHRA""",녹용,,Deer velvet,Velvet (unspecified),,,,
2019,10,28,2019-10-28,Import,Food import clearance (식품 통관),(주)대원알디티,DaeWon RTD,SPK ABAISKI,건녹용,,Deer velvet (dried),Dried,,,,
2019,11,28,2019-11-28,Import,Food import clearance (식품 통관),대호제약주식회사,Daeho Pharm.,ROKLAND CORPORATION LIMITED,생녹용,,Deer velvet (frozen),Frozen,,,,
2019,12,3,2019-12-03,Import,Food import clearance (식품 통관),와이더블유 인터내셔날,YW International,TASMAN VELVETPROCESSORS LTD,냉동녹용,,Deer velvet (frozen),Frozen,,,,
2019,12,3,2019-12-03,Import,Food import clearance (식품 통관),(주)케이앤씨디어트레이드,KNC Deertrade,PAREX INTERNATIONAL LTD,생녹용,,Deer velvet (frozen),Frozen,,,,
2019,12,13,2019-12-13,Import,Food import clearance (식품 통관),(주)온누리바이오생약,Onnuri Bio,ROKLAND CORPORATION LIMITED,생녹용,,Deer velvet (frozen),Frozen,,,,
2019,12,18,2019-12-18,Import,Food import clearance (식품 통관),진가식품,Jinka Food,CK IMPORT EXPORT CO.(NZ) LTD,생녹용,,Deer velvet (frozen),Frozen,,,,
2019,12,31,2019-12-31,Import,Food import clearance (식품 통관),(주)케이앤씨디어트레이드,KNC Deertrade,PAREX INTERNATIONAL LTD,생녹용,,Deer velvet (frozen),Frozen,,,,
2020,1,6,2020-01-06,Import,Food import clearance (식품 통관),(주)대원알디티,DaeWon RTD,KARYAKINA A.F,건녹용,,Deer velvet (dried),Dried,,,,
2020,1,6,2020-01-06,Import,Food import clearance (식품 통관),건향제약주식회사,Geonhyang Pharm.,"SPK ""TALITSA""",건조녹용,,Deer velvet (dried),Dried,,,,
2020,1,8,2020-01-08,Import,Food import clearance (식품 통관),(주)대덕제약,Daedeok Pharm.,OOO MARAL-ASOHRA,녹용,,Deer velvet,Velvet (unspecified),,,,
2020,1,8,2020-01-08,Import,Food import clearance (식품 통관),명가녹용 주식회사,MyungGa (Mr.Lee in Daegu),OOO MARAL-ASOHRA,녹용,,Deer velvet,Velvet (unspecified),,,,
2020,1,10,2020-01-10,Import,Food import clearance (식품 통관),와이더블유 인터내셔날,YW International,TASMAN VELVETPROCESSORS LTD,냉동녹용,,Deer velvet (frozen),Frozen,,,,
2020,1,21,2020-01-21,Import,Food import clearance (식품 통관),(주)케이앤씨디어트레이드,KNC Deertrade,TSENGS ENTERPRISES (N.Z.) LIMITED,생녹용,,Deer velvet (frozen),Frozen,,,,
2020,2,13,2020-02-13,Import,Food import clearance (식품 통관),일성식품,Ilseong Food,"XIFENG COUNTY JIYUAN DEER PRODUCTS PROCESSING CO.,LTD",녹용,,Deer velvet,Velvet (unspecified),,,,
2020,2,13,2020-02-13,Import,Food import clearance (식품 통관),주식회사 비봉허브,Bibong Herb,PROVELCO CO OPERATIVE LTD,건조녹용,,Deer velvet (dried),Dried,,,,
2020,2,14,2020-02-14,Import,Food import clearance (식품 통관),진가식품,Jinka Food,CK IMPORT EXPORT CO.(NZ) LTD,생녹용,,Deer velvet (frozen),Frozen,,,,
2020,2,14,2020-02-14,Import,Food import clearance (식품 통관),(주)원경약업사,Wonkyung Yakup,TASMAN VELVETPROCESSORS LTD,냉동녹용,,Deer velvet (frozen),Frozen,,,,
2020,2,21,2020-02-21,Import,Food import clearance (식품 통관),(주)대흥제약,Daeheung Pharm,"OOO ""SEMINSKY""",녹용,,Deer velvet,Velvet (unspecified),,,,
2020,2,25,2020-02-25,Import,Food import clearance (식품 통관),주식회사 한국인삼공사,KGC,PAREX INTERNATIONAL LTD,건조녹용,,Deer velvet (dried),Dried,,,,
2020,2,25,2020-02-25,Import,Food import clearance (식품 통관),와이더블유 인터내셔날,YW International,TASMAN VELVETPROCESSORS LTD,냉동녹용,,Deer velvet (frozen),Frozen,,,,
2020,2,25,2020-02-25,Import,Food import clearance (식품 통관),(주)천호엔케어,Chunho N Care,PROVELCO CO OPERATIVE LTD,건조녹용,,Deer velvet (dried),Dried,,,,
2020,3,3,2020-03-03,Import,Food import clearance (식품 통관),주식회사 한국인삼공사,KGC,ROKLAND CORPORATION LIMITED,건조녹용,,Deer velvet (dried),Dried,,,,
2020,3,16,2020-03-16,Import,Food import clearance (식품 통관),유진통상,Yujin Trade,"DALIAN CHANG LU DEER INDUSTRY CO., LTD",건조녹용,,Deer velvet (dried),Dried,,,,
2020,3,23,2020-03-23,Import,Food import clearance (식품 통관),(주)한동허브,Handong Herb,PROVELCO CO OPERATIVE LTD,생녹용,,Deer velvet (frozen),Frozen,,,,
2020,3,25,2020-03-25,Import,Food import clearance (식품 통관),주식회사 한국인삼공사,KGC,PAREX INTERNATIONAL LTD,건조녹용,,Deer velvet (dried),Dried,,,,
2020,4,28,2020-04-28,Import,Food import clearance (식품 통관),주식회사 이룡제약,Eryong Pharm.,"DALIAN F.T.Z INDUSTRY TRADE CO.,LTD.",건조녹용,,Deer velvet (dried),Dried,,,,
2020,5,25,2020-05-25,Import,Food import clearance (식품 통관),주식회사 한국인삼공사,KGC,PAREX INTERNATIONAL LTD,녹용(건조),,Deer velvet (dried),Dried,,,,
2020,5,27,2020-05-27,Import,Food import clearance (식품 통관),(주)케이앤씨디어트레이드,KNC Deertrade,PAREX INTERNATIONAL LTD,생녹용,,Deer velvet (frozen),Frozen,,,,
2020,6,4,2020-06-04,Import,Food import clearance (식품 통관),주식회사 비봉허브,Bibong Herb,PROVELCO CO-OPERATIVE LIMITED,녹용(건조),,Deer velvet (dried),Dried,,,,
2020,6,5,2020-06-05,Import,Food import clearance (식품 통관),(주)용보제약,YongBo (Mr. Woljin Kim),HYUN DAE DEER PRODUCTS LTD,녹용,,Deer velvet,Velvet (unspecified),,,,
2020,6,9,2020-06-09,Import,Food import clearance (식품 통관),(주)케이앤씨디어트레이드,KNC Deertrade,TSENGS ENTERPRISES (NZ) LIMITED,생녹용,,Deer velvet (frozen),Frozen,,,,
2020,6,9,2020-06-09,Import,Food import clearance (식품 통관),주식회사 한국인삼공사,KGC,PGG WRIGHTSON LTD-VELVET,녹용(건조),,Deer velvet (dried),Dried,,,,
2020,6,22,2020-06-22,Import,Food import clearance (식품 통관),주식회사 한국인삼공사,KGC,PAREX INTERNATIONAL LTD,녹용(건조),,Deer velvet (dried),Dried,,,,
2020,6,22,2020-06-22,Import,Food import clearance (식품 통관),주식회사 한국인삼공사,KGC,PAREX INTERNATIONAL LTD,녹용(건조),,Deer velvet (dried),Dried,,,,
2020,6,22,2020-06-22,Import,Food import clearance (식품 통관),(주)우성생약,WooSung (Mr Bang) ,ROKLAND CORPORATION LIMITED,녹용(건조),,Deer velvet (dried),Dried,,,,
2020,7,1,2020-07-01,Import,Food import clearance (식품 통관),주식회사 한국인삼공사,KGC,PGGWRIGHTSON,녹용(건조),,Deer velvet (dried),Dried,,,,
2020,7,20,2020-07-20,Import,Food import clearance (식품 통관),주식회사 한국인삼공사,KGC,PGGWRIGHTSON,녹용(건조),,Deer velvet (dried),Dried,,,,
2020,7,21,2020-07-21,Import,Food import clearance (식품 통관),와이더블유 인터내셔날,YW International,TASMAN VELVET PROCESSORS LTD,냉동녹용,,Deer velvet (frozen),Frozen,,,,
2020,8,5,2020-08-05,Import,Food import clearance (식품 통관),주식회사 한국인삼공사,KGC,PAREX INTERNATIONAL LTD,녹용(건조),,Deer velvet (dried),Dried,,,,
2020,8,13,2020-08-13,Import,Food import clearance (식품 통관),주식회사 한국인삼공사,KGC,PGGWRIGHTSON,녹용(건조),,Deer velvet (dried),Dried,,,,
2020,8,26,2020-08-26,Import,Food import clearance (식품 통관),(주)한동허브,Handong Herb,PROVELCO CO-OPERATIVE LIMITED,생녹용,,Deer velvet (frozen),Frozen,,,,
2020,9,2,2020-09-02,Import,Food import clearance (식품 통관),(주)진수녹용,"Jinsoo Deer Co., Ltd.",XIFENG MINHE DEER PRODUCTS PROCESSING CO LTD,녹용(건조),,Deer velvet (dried),Dried,,,,
2020,9,4,2020-09-04,Import,Food import clearance (식품 통관),주식회사 한국인삼공사,KGC,PGGWRIGHTSON,녹용(건조),,Deer velvet (dried),Dried,,,,
2020,9,25,2020-09-25,Import,Food import clearance (식품 통관),원용본가,WonYong Bonga,IP SHPILEKOV ALEXEY MIKHAILOVICH,건조녹용(전지),,Dried deer velvet (whole stick),Dried,,,,
2020,10,19,2020-10-19,Import,Food import clearance (식품 통관),(주)이룸제약법인,Ee Room Pharm.,"XIFENG COUNTY JIYUAN DEER PRODUCTS PROCESSING CO.,LTD",건조녹용,,Deer velvet (dried),Dried,,,,
2020,11,4,2020-11-04,Import,Food import clearance (식품 통관),(주)대원알디티,DaeWon RTD,APK <<ABAISKY>>,녹용(건조),,Deer velvet (dried),Dried,,,,
2020,11,4,2020-11-04,Import,Food import clearance (식품 통관),일성식품,Ilseong Food,OOO MARAL-ASOHRA,녹용,,Deer velvet,Velvet (unspecified),,,,
2020,11,9,2020-11-09,Import,Food import clearance (식품 통관),유진통상,Yujin Trade,OOO<<EXPOPANT>>,건조녹용,,Deer velvet (dried),Dried,,,,
2020,11,9,2020-11-09,Import,Food import clearance (식품 통관),(주)이룸제약법인,Ee Room Pharm.,APPLIED BIOTECHNOLOGY LTD,건조녹용,,Deer velvet (dried),Dried,,,,
2020,11,23,2020-11-23,Import,Food import clearance (식품 통관),주식회사 이룡제약,Eryong Pharm.,DALIAN F T Z JUNFENG INTERNATIONAL INDUSTRIAL & TRADE CO LTD,건조녹용,,Deer velvet (dried),Dried,,,,
2020,11,27,2020-11-27,Import,Food import clearance (식품 통관),주식회사 유한건강생활,Yuhan Care,ALPINE DEER NZ LP - LUGGATE,녹용,,Deer velvet,Velvet (unspecified),,,,
2020,11,27,2020-11-27,Import,Food import clearance (식품 통관),(주)대흥제약,Daeheung Pharm,OOO SEMUNSKIY,녹용,,Deer velvet,Velvet (unspecified),,,,
2020,11,27,2020-11-27,Import,Food import clearance (식품 통관),(주)우성생약,WooSung (Mr Bang) ,ROKLAND CORPORATION LIMITED,녹용(건조),,Deer velvet (dried),Dried,,,,
2020,12,9,2020-12-09,Import,Food import clearance (식품 통관),진가식품,Jinka Food,PROVELCO CO-OPERATIVE LIMITED,생녹용(냉동),,Deer velvet (frozen),Frozen,,,,
2020,12,9,2020-12-09,Import,Food import clearance (식품 통관),원용본가,WonYong Bonga,IP SHPILEKOV ALEXEY MIKHAILOVICH,건조녹용(전지),,Dried deer velvet (whole stick),Dried,,,,
2020,12,17,2020-12-17,Import,Food import clearance (식품 통관),유진통상,Yujin Trade,OOO<<EXPOPANT>>,건조녹용,,Deer velvet (dried),Dried,,,,
2021,1,4,2021-01-04,Import,Food import clearance (식품 통관),조은생약,JoEun Pharm ,APPLIED BIOTECHNOLOGY LTD,녹용,,Deer velvet,Velvet (unspecified),,,,
2021,1,5,2021-01-05,Import,Food import clearance (식품 통관),(주)대원알디티,DaeWon RTD,APK <<ABAISKY>>,녹용(건조),,Deer velvet (dried),Dried,,,,
2021,1,22,2021-01-22,Import,Food import clearance (식품 통관),삼보제약,SamBo (Mr. Kang in Busan),PROVELCO CO-OPERATIVE LIMITED,생녹용,,Deer velvet (frozen),Frozen,,,,
2021,1,22,2021-01-22,Import,Food import clearance (식품 통관),(주)온누리바이오생약,Onnuri Bio,PROVELCO CO-OPERATIVE LIMITED,녹용,,Deer velvet,Velvet (unspecified),,,,
2021,1,26,2021-01-26,Import,Food import clearance (식품 통관),화용제약,HwaYong Pharm.,PROVELCO CO-OPERATIVE LIMITED,생녹용(냉동),,Deer velvet (frozen),Frozen,,,,
2021,1,27,2021-01-27,Import,Food import clearance (식품 통관),(주)진수녹용,"Jinsoo Deer Co., Ltd.",PAREX INTERNATIONAL LTD,녹용(건조),,Deer velvet (dried),Dried,,,,
2021,2,1,2021-02-01,Import,Food import clearance (식품 통관),흥수녹용,Heungsoo Nogyong,KARYAKINA A.F,녹용(건조),,Deer velvet (dried),Dried,,,,
2021,2,2,2021-02-02,Import,Food import clearance (식품 통관),(주)한동허브,Handong Herb,TSENGS ENTERPRISES (NZ) LIMITED,생녹용(냉동),,Deer velvet (frozen),Frozen,,,,
2021,2,16,2021-02-16,Import,Food import clearance (식품 통관),(주)케이앤씨디어트레이드,KNC Deertrade,YIK LUNG TONG (NZ) INTERNATIONAL LIMITED,생녹용,,Deer velvet (frozen),Frozen,,,,
2021,2,24,2021-02-24,Import,Food import clearance (식품 통관),한네이처(Hannature),Hannature,LTD TEN EXPORT,녹용,,Deer velvet,Velvet (unspecified),,,,
2021,2,25,2021-02-25,Import,Food import clearance (식품 통관),화용제약,HwaYong Pharm.,PROVELCO CO-OPERATIVE LIMITED,생녹용(냉동),,Deer velvet (frozen),Frozen,,,,
2021,3,17,2021-03-17,Import,Food import clearance (식품 통관),(주)한국인삼공사,KGC,PAREX INTERNATIONAL LTD,건조녹용,,Deer velvet (dried),Dried,,,,
2021,3,24,2021-03-24,Import,Food import clearance (식품 통관),(주)천호엔케어,Chunho N Care,PROVELCO CO-OPERATIVE LTD,건조녹용,,Deer velvet (dried),Dried,,,,
2021,3,26,2021-03-26,Import,Food import clearance (식품 통관),(주)케이앤씨디어트레이드,KNC Deertrade,IP SHPILEKOV ALEXEY MIKHAILOVICH,녹용(건조),,Deer velvet (dried),Dried,,,,
2021,3,30,2021-03-30,Import,Food import clearance (식품 통관),(주)우성생약,WooSung (Mr Bang) ,XIFENG MINHE DEER PRODUCTS PROCESSING CO LTD,녹용(건조),,Deer velvet (dried),Dried,,,,
2021,4,6,2021-04-06,Import,Food import clearance (식품 통관),(주)바이오닷,Bio Dot (Han Dong Herb),PROVELCO CO-OPERATIVE LIMITED,생녹용,,Deer velvet (frozen),Frozen,,,,
2021,4,9,2021-04-09,Import,Food import clearance (식품 통관),(주)한국인삼공사,KGC,PAREX INTERNATIONAL LTD,건조녹용,,Deer velvet (dried),Dried,,,,
2021,4,29,2021-04-29,Import,Food import clearance (식품 통관),건향제약주식회사,Geonhyang Pharm.,REVITAL LTD,녹용(건조),,Deer velvet (dried),Dried,,,,
2021,4,29,2021-04-29,Import,Food import clearance (식품 통관),(주)한국인삼공사,KGC,PGG WRIGHTSON,녹용(건조),,Deer velvet (dried),Dried,,,,
2021,5,14,2021-05-14,Import,Food import clearance (식품 통관),(주)이룸제약법인,Ee Room Pharm.,ANZ FOOD TRADING CO,건조녹용,,Deer velvet (dried),Dried,,,,
2021,5,18,2021-05-18,Import,Food import clearance (식품 통관),와이더블유 인터내셔날,YW International,TASMAN VELVET PROCESSORS LTD,냉동녹용,,Deer velvet (frozen),Frozen,,,,
2021,5,26,2021-05-26,Import,Food import clearance (식품 통관),(주)한국인삼공사,KGC,PAREX INTERNATIONAL LTD,건조녹용,,Deer velvet (dried),Dried,,,,
2021,5,26,2021-05-26,Import,Food import clearance (식품 통관),(주)한국인삼공사,KGC,PGG WRIGHTSON,녹용(건조),,Deer velvet (dried),Dried,,,,
2021,5,31,2021-05-31,Import,Food import clearance (식품 통관),유진통상,Yujin Trade,OOO<<EXPOPANT>>,건조녹용,,Deer velvet (dried),Dried,,,,
2021,6,1,2021-06-01,Import,Food import clearance (식품 통관),(주)대한녹용수출입법인,"KVIE (Alex, HanPure)",XIFENG MINHE DEER PRODUCTS PROCESSING CO LTD,녹용(건조),,Deer velvet (dried),Dried,,,,
2021,6,1,2021-06-01,Import,Food import clearance (식품 통관),(주)온누리바이오생약,Onnuri Bio,"XIFENG COUNTY JIYUAN DEER PRODUCTS PROCESSING CO.,LTD",녹용,,Deer velvet,Velvet (unspecified),,,,
2021,6,1,2021-06-01,Import,Food import clearance (식품 통관),주식회사 이룡제약,Eryong Pharm.,"XIFENG COUNTRY TIANYU LOCAL PRODUCT OF PANAX AND PILOSE PROCESSING CO., LTD",녹용,,Deer velvet,Velvet (unspecified),,,,
2021,6,28,2021-06-28,Import,Food import clearance (식품 통관),명가녹용 주식회사,MyungGa (Mr.Lee in Daegu),UBBIO LTD,생녹용,,Deer velvet (frozen),Frozen,,,,
2021,6,28,2021-06-28,Import,Food import clearance (식품 통관),(주)한국인삼공사,KGC,PGG WRIGHTSON,건조녹용,,Deer velvet (dried),Dried,,,,
2021,6,30,2021-06-30,Import,Food import clearance (식품 통관),(주)시원생약,Siwon Pharmaceutical,ALPINE DEER NZ LP - LUGGATE,생녹용,,Deer velvet (frozen),Frozen,,,,
2021,7,12,2021-07-12,Import,Food import clearance (식품 통관),(주)한국인삼공사,KGC,PAREX INTERNATIONAL LTD,건조녹용,,Deer velvet (dried),Dried,,,,
2021,7,14,2021-07-14,Import,Food import clearance (식품 통관),와이더블유 인터내셔날,YW International,TASMAN VELVET PROCESSORS LTD,냉동녹용,,Deer velvet (frozen),Frozen,,,,
2021,7,20,2021-07-20,Import,Food import clearance (식품 통관),(주)한국인삼공사,KGC,PGG WRIGHTSON,건조녹용,,Deer velvet (dried),Dried,,,,
2021,7,20,2021-07-20,Import,Food import clearance (식품 통관),(주)이룸제약법인,Ee Room Pharm.,APPLIED BIOTECHNOLOGY LTD,건조녹용,,Deer velvet (dried),Dried,,,,
2021,8,9,2021-08-09,Import,Food import clearance (식품 통관),(주)한국인삼공사,KGC,PAREX INTERNATIONAL LTD,건조녹용,,Deer velvet (dried),Dried,,,,
2021,8,18,2021-08-18,Import,Food import clearance (식품 통관),(주)이룸제약법인,Ee Room Pharm.,"TIELING JIDA DEER PRODUCTS PROCESSING CO., LTD.",건조녹용,,Deer velvet (dried),Dried,,,,
2021,8,23,2021-08-23,Import,Food import clearance (식품 통관),(주)온누리바이오생약,Onnuri Bio,LTD TEN-EXPORT,녹용,,Deer velvet,Velvet (unspecified),,,,
2021,8,23,2021-08-23,Import,Food import clearance (식품 통관),주식회사 비봉허브,Bibong Herb,PROVELCO CO-OPERATIVE LTD,녹용(건조),,Deer velvet (dried),Dried,,,,
2021,8,31,2021-08-31,Import,Food import clearance (식품 통관),(주)이룸제약법인,Ee Room Pharm.,"TIELING JIDA DEER PRODUCTS PROCESSING CO., LTD.",건조녹용,,Deer velvet (dried),Dried,,,,
2021,9,6,2021-09-06,Import,Food import clearance (식품 통관),(주)온누리바이오생약,Onnuri Bio,"TIELING JIDA DEER PRODUCTS PROCESSING CO., LTD.",녹용,,Deer velvet,Velvet (unspecified),,,,
2021,9,13,2021-09-13,Import,Food import clearance (식품 통관),향나바이오 주식회사,Hyangna Bio,"DALIAN F.T.Z MINGWEI INDUTRY TRADE CO.,LTD",녹용,,Deer velvet,Velvet (unspecified),,,,
2021,9,24,2021-09-24,Import,Food import clearance (식품 통관),화용제약,HwaYong Pharm.,"DALIAN F.T.Z MINGWEI INDUTRY TRADE CO.,LTD",녹용,,Deer velvet,Velvet (unspecified),,,,
2021,10,1,2021-10-01,Import,Food import clearance (식품 통관),케이앤씨(K&C),K&C,"XIFENG MINHE DEER PRODUCTS CO.,LTD",건조녹용,,Deer velvet (dried),Dried,,,,
2021,10,1,2021-10-01,Import,Food import clearance (식품 통관),우성생약(주),WooSung (Mr. Bang),"XIFENG MINHE DEER PRODUCTS CO.,LTD",녹용(건조),,Deer velvet (dried),Dried,,,,
2021,10,1,2021-10-01,Import,Food import clearance (식품 통관),유진통상,Yujin Trade,OOOEXPO PANT,건조녹용,,Deer velvet (dried),Dried,,,,
2021,10,19,2021-10-19,Import,Food import clearance (식품 통관),(주)케이앤씨디어트레이드,KNC Deertrade,PAREX INTERNATIONAL LTD,생녹용,,Deer velvet (frozen),Frozen,,,,
2021,10,25,2021-10-25,Import,Food import clearance (식품 통관),흥수녹용,Heungsoo Nogyong,KARYAKINA A.F,녹용(건조),,Deer velvet (dried),Dried,,,,
2021,11,2,2021-11-02,Import,Food import clearance (식품 통관),와이더블유 인터내셔날,YW International,OOO MARAL-ASOHRA,녹용,,Deer velvet,Velvet (unspecified),,,,
2021,11,5,2021-11-05,Import,Food import clearance (식품 통관),(주)대원알디티,DaeWon RTD,SPK ABAISKI,녹용(건조),,Deer velvet (dried),Dried,,,,
2021,11,5,2021-11-05,Import,Food import clearance (식품 통관),(주)온누리바이오생약,Onnuri Bio,"DALIAN F.T.Z MINGWEI INDUTRY TRADE CO.,LTD",녹용,,Deer velvet,Velvet (unspecified),,,,
2021,11,5,2021-11-05,Import,Food import clearance (식품 통관),(주)대흥제약,Daeheung Pharm,"OOO ""SEMINSKY""",녹용,,Deer velvet,Velvet (unspecified),,,,
2021,11,9,2021-11-09,Import,Food import clearance (식품 통관),케이앤씨(K&C),K&C,"XIFENG MINHE DEER PRODUCTS CO.,LTD",건조녹용,,Deer velvet (dried),Dried,,,,
2021,11,9,2021-11-09,Import,Food import clearance (식품 통관),비아텍주식회사,Bia Tech,LLC GEYA,녹용(건조),,Deer velvet (dried),Dried,,,,
2021,11,15,2021-11-15,Import,Food import clearance (식품 통관),명가녹용 주식회사,MyungGa (Mr.Lee in Daegu),OOO MARAL-ASOHRA,녹용,,Deer velvet,Velvet (unspecified),,,,
2021,11,22,2021-11-22,Import,Food import clearance (식품 통관),향나바이오 주식회사,Hyangna Bio,OOO MARAL-ASOHRA,녹용,,Deer velvet,Velvet (unspecified),,,,
2021,11,22,2021-11-22,Import,Food import clearance (식품 통관),일성식품,Ilseong Food,OOO MARAL-ASOHRA,녹용,,Deer velvet,Velvet (unspecified),,,,
2021,11,22,2021-11-22,Import,Food import clearance (식품 통관),와이더블유 인터내셔날,YW International,ROKLAND CORPORATION LIMITED,녹용,,Deer velvet,Velvet (unspecified),,,,
2021,11,22,2021-11-22,Import,Food import clearance (식품 통관),조은생약,JoEun Pharm ,"UIMON CO.,LTD",녹용,,Deer velvet,Velvet (unspecified),,,,
2021,11,24,2021-11-24,Import,Food import clearance (식품 통관),태안약업(주),Taeahn (Mr. Ahn),"UIMON CO.,LTD",녹용,,Deer velvet,Velvet (unspecified),,,,
2021,12,24,2021-12-24,Import,Food import clearance (식품 통관),(주)바이오닷,Bio Dot (Han Dong Herb),ALPINE DEER NZ LP,생녹용,,Deer velvet (frozen),Frozen,,,,
2021,12,24,2021-12-24,Import,Food import clearance (식품 통관),(주)우성생약,WooSung (Mr Bang) ,"XIFENG MINHE DEER PRODUCTS CO.,LTD",녹용(건조),,Deer velvet (dried),Dried,,,,
2021,12,28,2021-12-28,Import,Food import clearance (식품 통관),(주)이룸제약법인,Ee Room Pharm.,"TIELING JIDA DEER PRODUCTS PROCESSING CO., LTD.",건조녹용,,Deer velvet (dried),Dried,,,,
2022,1,11,2022-01-11,Import,Food import clearance (식품 통관),와이더블유 인터내셔날,YW International,ROKLAND CORPORATION LIMITED,생녹용(냉동),,Deer velvet (frozen),Frozen,,,,
2022,1,17,2022-01-17,Import,Food import clearance (식품 통관),(주)케이앤씨디어트레이드,KNC Deertrade,CK IMPORT EXPORT CO.(NZ) LTD,생녹용(냉동),생녹용(냉동),Deer velvet (frozen),Frozen,,,,
2022,1,17,2022-01-17,Import,Food import clearance (식품 통관),(주)케이앤씨디어트레이드,KNC Deertrade,CK IMPORT EXPORT CO.(NZ) LTD,생녹용(냉동),생녹용(냉동),Deer velvet (frozen),Frozen,,,,
2022,1,20,2022-01-20,Import,Food import clearance (식품 통관),(주)케이앤씨디어트레이드,KNC Deertrade,CK IMPORT EXPORT CO.(NZ) LTD,생녹용(냉동),생녹용(냉동),Deer velvet (frozen),Frozen,,,,
2022,1,24,2022-01-24,Import,Food import clearance (식품 통관),일성식품,Ilseong Food,"TIELING JIDA DEER PRODUCTS PROCESSING CO., LTD.",녹용,녹용(건조),Deer velvet (dried),Dried,,,,
2022,1,25,2022-01-25,Import,Food import clearance (식품 통관),주식회사 이룡제약,Eryong Pharm.,PROVELCO CO OPERATIVE LTD,녹용,녹용(냉동),Deer velvet (frozen),Frozen,,,,
2022,1,26,2022-01-26,Import,Food import clearance (식품 통관),(주)바이오닷,Bio Dot (Han Dong Herb),PROVELCO CO OPERATIVE LTD,생녹용,생녹용(냉동),Deer velvet (frozen),Frozen,,,,
2022,1,27,2022-01-27,Import,Food import clearance (식품 통관),명가녹용 주식회사,MyungGa (Mr.Lee in Daegu),PROVELCO CO OPERATIVE LTD,생녹용,생녹용(냉동),Deer velvet (frozen),Frozen,,,,
2022,2,3,2022-02-03,Import,Food import clearance (식품 통관),화용제약,HwaYong Pharm.,"TIELING JIDA DEER PRODUCTS PROCESSING CO., LTD.",녹용,녹용(건조),Deer velvet (dried),Dried,,,,
2022,2,10,2022-02-10,Import,Food import clearance (식품 통관),명가녹용 주식회사,MyungGa (Mr.Lee in Daegu),PROVELCO CO OPERATIVE LTD,녹용,녹용(건조),Deer velvet (dried),Dried,,,,
2022,2,15,2022-02-15,Import,Food import clearance (식품 통관),향나바이오 주식회사,Hyangna Bio,STREAMLANDS EXPORTS NZ LTD,녹용,녹용(건조),Deer velvet (dried),Dried,,,,
2022,2,16,2022-02-16,Import,Food import clearance (식품 통관),비아텍주식회사,Bia Tech,LLC GEYA,녹용(건조),녹용(건조),Deer velvet (dried),Dried,,,,
2022,2,21,2022-02-21,Import,Food import clearance (식품 통관),주식회사 비봉허브,Bibong Herb,PROVELCO CO OPERATIVE LTD,녹용(건조),녹용(건조),Deer velvet (dried),Dried,,,,
2022,3,10,2022-03-10,Import,Food import clearance (식품 통관),일성식품,Ilseong Food,"TIELING JIDA DEER PRODUCTS PROCESSING CO., LTD.",녹용,녹용(건조),Deer velvet (dried),Dried,,,,
2022,3,15,2022-03-15,Import,Food import clearance (식품 통관),(주)케이앤씨디어트레이드,KNC Deertrade,PAREX INTERNATIONAL LTD,생녹용(냉동),생녹용(냉동),Deer velvet (frozen),Frozen,,,,
2022,3,18,2022-03-18,Import,Food import clearance (식품 통관),(주)한국인삼공사,KGC,PGG WRIGHTSON LTD-VELVET,건조녹용,녹용(건조),Deer velvet (dried),Dried,,,,
2022,4,1,2022-04-01,Import,Food import clearance (식품 통관),(주)한국인삼공사,KGC,PAREX INTERNATIONAL LTD,건조녹용,녹용(건조),Deer velvet (dried),Dried,,,,
2022,4,1,2022-04-01,Import,Food import clearance (식품 통관),향나바이오 주식회사,Hyangna Bio,ANZ FOOD TRADING CO,녹용,녹용(건조),Deer velvet (dried),Dried,,,,
2022,4,6,2022-04-06,Import,Food import clearance (식품 통관),(주)한국인삼공사,KGC,PGG WRIGHTSON LTD-VELVET,건조녹용,녹용(건조),Deer velvet (dried),Dried,,,,
2022,4,6,2022-04-06,Import,Food import clearance (식품 통관),케이앤씨(K&C),K&C,"XIFENG MINHE DEER PRODUCTS CO.,LTD",건조녹용,녹용(건조),Deer velvet (dried),Dried,,,,
2022,4,6,2022-04-06,Import,Food import clearance (식품 통관),(주)이룸제약법인,Ee Room Pharm.,"TIELING JIDA DEER PRODUCTS PROCESSING CO., LTD.",건조녹용,녹용(건조),Deer velvet (dried),Dried,,,,
2022,4,12,2022-04-12,Import,Food import clearance (식품 통관),(주)케이앤씨디어트레이드,KNC Deertrade,CK IMPORT EXPORT CO.(NZ) LTD,생녹용(냉동),생녹용(냉동),Deer velvet (frozen),Frozen,,,,
2022,4,18,2022-04-18,Import,Food import clearance (식품 통관),(주)천호엔케어,Chunho N Care,STREAMLANDS EXPORTS NZ LTD,건조녹용,녹용(건조),Deer velvet (dried),Dried,,,,
2022,4,18,2022-04-18,Import,Food import clearance (식품 통관),(주)한국인삼공사,KGC,PAREX INTERNATIONAL LTD,건조녹용,녹용(건조),Deer velvet (dried),Dried,,,,
2022,4,18,2022-04-18,Import,Food import clearance (식품 통관),(주)온누리바이오생약,Onnuri Bio,"TIELING JIDA DEER PRODUCTS PROCESSING CO., LTD.",녹용,녹용(건조),Deer velvet (dried),Dried,,,,
2022,4,25,2022-04-25,Import,Food import clearance (식품 통관),한선트레이딩 주식회사,Hansun Trading,"TIELING JIDA DEER PRODUCTS PROCESSING CO., LTD.",건조녹용,녹용(건조),Deer velvet (dried),Dried,,,,
2022,5,9,2022-05-09,Import,Food import clearance (식품 통관),(주)한국인삼공사,KGC,PGG WRIGHTSON LTD-VELVET,녹용(건조),녹용(건조),Deer velvet (dried),Dried,,,,
2022,5,9,2022-05-09,Import,Food import clearance (식품 통관),주식회사 비봉허브,Bibong Herb,STREAMLANDS EXPORTS NZ LTD,녹용(건조),녹용(건조),Deer velvet (dried),Dried,,,,
2022,5,9,2022-05-09,Import,Food import clearance (식품 통관),하랑무약,Harang Muyak,"TIELING JIDA DEER PRODUCTS PROCESSING CO., LTD.",녹용(건조),녹용(건조),Deer velvet (dried),Dried,,,,
2022,5,9,2022-05-09,Import,Food import clearance (식품 통관),(주)용보제약,YongBo (Mr. Woljin Kim),"XIFENG MINHE DEER PRODUCTS CO.,LTD",녹용(건조),녹용(건조),Deer velvet (dried),Dried,,,,
2022,5,9,2022-05-09,Import,Food import clearance (식품 통관),(주)우성생약,WooSung (Mr Bang) ,"XIFENG MINHE DEER PRODUCTS CO.,LTD",녹용(건조),녹용(건조),Deer velvet (dried),Dried,,,,
2022,5,11,2022-05-11,Import,Food import clearance (식품 통관),(주)케이앤씨디어트레이드,KNC Deertrade,YIK LUNG TONG(NZ) INTERNAIONAL LIMITED,생녹용,생녹용(냉동),Deer velvet (frozen),Frozen,,,,
2022,5,11,2022-05-11,Import,Food import clearance (식품 통관),와이더블유 인터내셔날,YW International,TASMAN VELVETPROCESSORS LTD,냉동녹용,생녹용(냉동),Deer velvet (frozen),Frozen,,,,
2022,5,19,2022-05-19,Import,Food import clearance (식품 통관),(주)시원생약,Siwon Pharmaceutical,ALPINE DEER NZLP,생녹용,생녹용(냉동),Deer velvet (frozen),Frozen,,,,
2022,6,7,2022-06-07,Import,Food import clearance (식품 통관),(주)한국인삼공사,KGC,PAREX INTERNATIONAL LTD,건조녹용,녹용(건조),Deer velvet (dried),Dried,,,,
2022,6,15,2022-06-15,Import,Food import clearance (식품 통관),(주)이룸제약법인,Ee Room Pharm.,"TIELING JIDA DEER PRODUCTS PROCESSING CO., LTD.",건조녹용,녹용(건조),Deer velvet (dried),Dried,,,,
2022,6,22,2022-06-22,Import,Food import clearance (식품 통관),화용제약,HwaYong Pharm.,STREAMLANDS EXPORTS NZ LTD,생녹용(냉동),생녹용(냉동),Deer velvet (frozen),Frozen,,,,
2022,6,30,2022-06-30,Import,Food import clearance (식품 통관),주식회사 한방인 농업법인회사,Hanbangin,"TIELING JIDA DEER PRODUCTS PROCESSING CO., LTD.",건조녹용,녹용(건조),Deer velvet (dried),Dried,,,,
2022,6,30,2022-06-30,Import,Food import clearance (식품 통관),(주)한국인삼공사,KGC,PGG WRIGHTSON LTD-VELVET,녹용(건조),녹용(건조),Deer velvet (dried),Dried,,,,
2022,7,5,2022-07-05,Import,Food import clearance (식품 통관),와이더블유 인터내셔날,YW International,TASMAN VELVETPROCESSORS LTD,냉동녹용,생녹용(냉동),Deer velvet (frozen),Frozen,,,,
2022,7,7,2022-07-07,Import,Food import clearance (식품 통관),(주)케이앤씨디어트레이드,KNC Deertrade,CK IMPORT EXPORT CO.(NZ) LTD,생녹용(냉동),생녹용(냉동),Deer velvet (frozen),Frozen,,,,
2022,7,12,2022-07-12,Import,Food import clearance (식품 통관),(주)한국인삼공사,KGC,PGG WRIGHTSON LTD-VELVET,녹용(건조),녹용(건조),Deer velvet (dried),Dried,,,,
2022,7,29,2022-07-29,Import,Food import clearance (식품 통관),(주)한국인삼공사,KGC,PAREX INTERNATIONAL LTD,녹용(건조),녹용(건조),Deer velvet (dried),Dried,,,,
2022,8,4,2022-08-04,Import,Food import clearance (식품 통관),(주)온누리바이오생약,Onnuri Bio,PROVELCO CO OPERATIVE LTD,녹용,녹용(냉동),Deer velvet (frozen),Frozen,,,,
2022,8,5,2022-08-05,Import,Food import clearance (식품 통관),유진통상,Yujin Trade,"DALIAN CHANG LU DEER INDUSTRY CO., LTD",건조녹용,녹용(건조),Deer velvet (dried),Dried,,,,
2022,8,8,2022-08-08,Import,Food import clearance (식품 통관),주식회사 이룡제약,Eryong Pharm.,STREAMLANDS EXPORTS NZ LTD,녹용,녹용(건조),Deer velvet (dried),Dried,,,,
2022,8,24,2022-08-24,Import,Food import clearance (식품 통관),(주)한국인삼공사,KGC,PGG WRIGHTSON LTD-VELVET,녹용(건조),녹용(건조),Deer velvet (dried),Dried,,,,
2022,8,29,2022-08-29,Import,Food import clearance (식품 통관),주식회사 비봉허브,Bibong Herb,PROVELCO CO OPERATIVE LTD,녹용,녹용(건조),Deer velvet (dried),Dried,,,,
2022,9,2,2022-09-02,Import,Food import clearance (식품 통관),(주)한국인삼공사,KGC,PAREX INTERNATIONAL LTD,녹용(건조),녹용(건조),Deer velvet (dried),Dried,,,,
2022,9,15,2022-09-15,Import,Food import clearance (식품 통관),와이더블유 인터내셔날,YW International,ROKLAND CORPORATION LIMITED,냉동녹용,생녹용(냉동),Deer velvet (frozen),Frozen,,,,
2022,9,23,2022-09-23,Import,Food import clearance (식품 통관),(주)한국인삼공사,KGC,PAREX INTERNATIONAL LTD,녹용(건조),녹용(건조),Deer velvet (dried),Dried,,,,
2022,10,4,2022-10-04,Import,Food import clearance (식품 통관),(주)한국인삼공사,KGC,PGG WRIGHTSON LTD-VELVET,녹용(건조),녹용(건조),Deer velvet (dried),Dried,,,,
2022,10,18,2022-10-18,Import,Food import clearance (식품 통관),(주)한국인삼공사,KGC,PAREX INTERNATIONAL LTD,녹용(건조),녹용(건조),Deer velvet (dried),Dried,뉴질랜드,New Zealand,뉴질랜드,New Zealand
2022,10,26,2022-10-26,Import,Food import clearance (식품 통관),주식회사 이룡제약,Eryong Pharm.,"XIFENG COUNTRY TIANYU LOCAL PRODUCT OF PANAX AND PILOSE PROCESSING CO., LTD",녹용,녹용(건조),Deer velvet (dried),Dried,뉴질랜드,New Zealand,중국,China
2022,11,3,2022-11-03,Import,Food import clearance (식품 통관),(주)대원알디티,DaeWon RTD,SPK ABAISKI,녹용(건조),녹용(건조),Deer velvet (dried),Dried,러시아,Russia,러시아,Russia
2022,11,3,2022-11-03,Import,Food import clearance (식품 통관),삼보제약,SamBo (Mr. Kang in Busan),UB BIO LIMITED,녹용(건조),녹용(건조),Deer velvet (dried),Dried,뉴질랜드,New Zealand,뉴질랜드,New Zealand
2022,11,21,2022-11-21,Import,Food import clearance (식품 통관),(주)온누리바이오생약,Onnuri Bio,"TIELING JIDA DEER PRODUCTS PROCESSING CO., LTD.",녹용,녹용(건조),Deer velvet (dried),Dried,뉴질랜드,New Zealand,중국,China
2022,11,21,2022-11-21,Import,Food import clearance (식품 통관),주식회사 이룡제약,Eryong Pharm.,"TIELING JIDA DEER PRODUCTS PROCESSING CO., LTD.",녹용,녹용(건조),Deer velvet (dried),Dried,뉴질랜드,New Zealand,중국,China
2022,12,7,2022-12-07,Import,Food import clearance (식품 통관),조은생약,JoEun Pharm ,"UIMON CO.,LTD",녹용,녹용(건조),Deer velvet (dried),Dried,러시아,Russia,러시아,Russia
2022,12,13,2022-12-13,Import,Food import clearance (식품 통관),(주)바이오닷,Bio Dot (Han Dong Herb),CK IMPORT EXPORT CO.(NZ) LTD,생녹용(냉동),생녹용(냉동),Deer velvet (frozen),Frozen,뉴질랜드,New Zealand,뉴질랜드,New Zealand
2022,12,13,2022-12-13,Import,Food import clearance (식품 통관),화용제약,HwaYong Pharm.,STREAMLANDS EXPORTS NZ LTD,생녹용(냉동),생녹용(냉동),Deer velvet (frozen),Frozen,뉴질랜드,New Zealand,뉴질랜드,New Zealand
2022,12,13,2022-12-13,Import,Food import clearance (식품 통관),일성식품,Ilseong Food,"DALIAN F.T.Z MINGWEI INDUSTRY TRADE CO.,LTD",녹용,녹용(건조),Deer velvet (dried),Dried,뉴질랜드,New Zealand,중국,China
2022,12,15,2022-12-15,Import,Food import clearance (식품 통관),(주)케이앤씨디어트레이드,KNC Deertrade,CK IMPORT EXPORT CO.(NZ) LTD,생녹용(냉동),생녹용(냉동),Deer velvet (frozen),Frozen,뉴질랜드,New Zealand,뉴질랜드,New Zealand
2022,12,21,2022-12-21,Import,Food import clearance (식품 통관),유진통상,Yujin Trade,OOOEXPO PANT,건조녹용,녹용(건조),Deer velvet (dried),Dried,러시아,Russia,러시아,Russia
2022,12,21,2022-12-21,Import,Food import clearance (식품 통관),유진통상,Yujin Trade,"DALIAN CHANG LU DEER INDUSTRY CO., LTD",건조녹용,녹용(건조),Deer velvet (dried),Dried,뉴질랜드,New Zealand,중국,China
2022,12,21,2022-12-21,Import,Food import clearance (식품 통관),(주)온누리바이오생약,Onnuri Bio,PROVELCO CO OPERATIVE LTD,녹용,녹용(냉동),Deer velvet (frozen),Frozen,뉴질랜드,New Zealand,뉴질랜드,New Zealand
2023,1,3,2023-01-03,Import,Food import clearance (식품 통관),화용제약,HwaYong Pharm.,STREAMLANDS EXPORTS NZ LTD,생녹용(냉동),생녹용(냉동),Deer velvet (frozen),Frozen,뉴질랜드,New Zealand,뉴질랜드,New Zealand
2023,1,10,2023-01-10,Import,Food import clearance (식품 통관),와이더블유 인터내셔날,YW International,TASMAN VELVETPROCESSORS LTD,냉동녹용,생녹용(냉동),Deer velvet (frozen),Frozen,뉴질랜드,New Zealand,뉴질랜드,New Zealand
2023,1,17,2023-01-17,Import,Food import clearance (식품 통관),(주)이룸제약법인,Ee Room Pharm.,"TIELING JIDA DEER PRODUCTS PROCESSING CO., LTD.",건조녹용,녹용(건조),Deer velvet (dried),Dried,뉴질랜드,New Zealand,중국,China
2023,1,25,2023-01-25,Import,Food import clearance (식품 통관),(주)한국인삼공사,KGC,PAREX INTERNATIONAL LTD,녹용(건조),녹용(건조),Deer velvet (dried),Dried,뉴질랜드,New Zealand,뉴질랜드,New Zealand
2023,1,25,2023-01-25,Import,Food import clearance (식품 통관),(주)이룸제약법인,Ee Room Pharm.,"TIELING JIDA DEER PRODUCTS PROCESSING CO., LTD.",건조녹용,녹용(건조),Deer velvet (dried),Dried,뉴질랜드,New Zealand,중국,China
2023,1,31,2023-01-31,Import,Food import clearance (식품 통관),(주)케이앤씨디어트레이드,KNC Deertrade,TSENGS ENTERPRISES (N.Z.) LIMITED,생녹용(냉동),생녹용(냉동),Deer velvet (frozen),Frozen,뉴질랜드,New Zealand,뉴질랜드,New Zealand
2023,2,3,2023-02-03,Import,Food import clearance (식품 통관),(주)한국인삼공사,KGC,PGG WRIGHTSON LTD-VELVET,건조녹용,녹용(건조),Deer velvet (dried),Dried,뉴질랜드,New Zealand,뉴질랜드,New Zealand
2023,2,3,2023-02-03,Import,Food import clearance (식품 통관),흥수녹용,Heungsoo Nogyong,KARYAKINA A.F,녹용(건조),녹용(건조),Deer velvet (dried),Dried,러시아,Russia,러시아,Russia
2023,2,8,2023-02-08,Import,Food import clearance (식품 통관),와이더블유 인터내셔날,YW International,TASMAN VELVETPROCESSORS LTD,냉동녹용,생녹용(냉동),Deer velvet (frozen),Frozen,뉴질랜드,New Zealand,뉴질랜드,New Zealand
2023,2,17,2023-02-17,Import,Food import clearance (식품 통관),(주)한국인삼공사,KGC,PAREX INTERNATIONAL LTD,녹용(건조),녹용(건조),Deer velvet (dried),Dried,뉴질랜드,New Zealand,뉴질랜드,New Zealand
2023,2,28,2023-02-28,Import,Food import clearance (식품 통관),와이더블유 인터내셔날,YW International,ROKLAND CORPORATION LIMITED,냉동녹용,생녹용(냉동),Deer velvet (frozen),Frozen,뉴질랜드,New Zealand,뉴질랜드,New Zealand
2023,2,28,2023-02-28,Import,Food import clearance (식품 통관),(주)한국인삼공사,KGC,PGG WRIGHTSON LTD-VELVET,건조녹용,녹용(건조),Deer velvet (dried),Dried,뉴질랜드,New Zealand,뉴질랜드,New Zealand
2023,2,28,2023-02-28,Import,Food import clearance (식품 통관),화용제약,HwaYong Pharm.,STREAMLANDS EXPORTS NZ LTD,생녹용(냉동),생녹용(냉동),Deer velvet (frozen),Frozen,뉴질랜드,New Zealand,뉴질랜드,New Zealand
2023,3,7,2023-03-07,Import,Food import clearance (식품 통관),와이더블유 인터내셔날,YW International,PAREX INTERNATIONAL LTD,냉동녹용,생녹용(냉동),Deer velvet (frozen),Frozen,뉴질랜드,New Zealand,뉴질랜드,New Zealand
2023,3,13,2023-03-13,Import,Food import clearance (식품 통관),(주)온누리바이오생약,Onnuri Bio,LTD TEN-EXPORT,녹용,녹용(건조),Deer velvet (dried),Dried,러시아,Russia,러시아,Russia
2023,3,21,2023-03-21,Import,Food import clearance (식품 통관),(주)한국인삼공사,KGC,PAREX INTERNATIONAL LTD,녹용(건조),녹용(건조),Deer velvet (dried),Dried,뉴질랜드,New Zealand,뉴질랜드,New Zealand
2023,3,24,2023-03-24,Import,Food import clearance (식품 통관),(주)시원생약,Siwon Pharmaceutical,ALPINE DEER NZLP,생녹용,생녹용(냉동),Deer velvet (frozen),Frozen,뉴질랜드,New Zealand,뉴질랜드,New Zealand
2023,3,28,2023-03-28,Import,Food import clearance (식품 통관),(주)천호엔케어,Chunho N Care,STREAMLANDS EXPORTS NZ LTD,녹용,녹용(건조),Deer velvet (dried),Dried,뉴질랜드,New Zealand,뉴질랜드,New Zealand
2023,3,30,2023-03-30,Import,Food import clearance (식품 통관),와이더블유 인터내셔날,YW International,TASMAN VELVETPROCESSORS LTD,냉동녹용,생녹용(냉동),Deer velvet (frozen),Frozen,뉴질랜드,New Zealand,뉴질랜드,New Zealand
2023,4,4,2023-04-04,Import,Food import clearance (식품 통관),(주)한국인삼공사,KGC,PGG WRIGHTSON LTD-VELVET,건조녹용,녹용(건조),Deer velvet (dried),Dried,뉴질랜드,New Zealand,뉴질랜드,New Zealand
2023,4,4,2023-04-04,Import,Food import clearance (식품 통관),화용제약,HwaYong Pharm.,STREAMLANDS EXPORTS NZ LTD,생녹용(냉동),생녹용(냉동),Deer velvet (frozen),Frozen,뉴질랜드,New Zealand,뉴질랜드,New Zealand
2023,4,4,2023-04-04,Import,Food import clearance (식품 통관),와이더블유 인터내셔날,YW International,PROVELCO CO OPERATIVE LTD,냉동녹용,생녹용(냉동),Deer velvet (frozen),Frozen,뉴질랜드,New Zealand,뉴질랜드,New Zealand
2023,4,11,2023-04-11,Import,Food import clearance (식품 통관),(주)온누리바이오생약,Onnuri Bio,STREAMLANDS EXPORTS NZ LTD,녹용,생녹용(냉동),Deer velvet (frozen),Frozen,뉴질랜드,New Zealand,뉴질랜드,New Zealand
2023,4,11,2023-04-11,Import,Food import clearance (식품 통관),케이앤씨(K&C),K&C,"XIFENG MINHE DEER PRODUCTS CO.,LTD",건조녹용,녹용(건조),Deer velvet (dried),Dried,뉴질랜드,New Zealand,중국,China
2023,4,11,2023-04-11,Import,Food import clearance (식품 통관),(주)바이오닷,Bio Dot (Han Dong Herb),C K IMPORT EXPORT CO (NZ) LTD,생녹용,생녹용(냉동),Deer velvet (frozen),Frozen,뉴질랜드,New Zealand,뉴질랜드,New Zealand
2023,4,25,2023-04-25,Import,Food import clearance (식품 통관),(주)한국인삼공사,KGC,PAREX INTERNATIONAL LTD,녹용(건조),녹용(건조),Deer velvet (dried),Dried,뉴질랜드,New Zealand,뉴질랜드,New Zealand
2023,4,25,2023-04-25,Import,Food import clearance (식품 통관),주식회사 이룡제약,Eryong Pharm.,"DALIAN F.T.Z MINGWEI INDUTRY TRADE CO.,LTD",녹용,녹용(건조),Deer velvet (dried),Dried,뉴질랜드,New Zealand,중국,China
2023,4,25,2023-04-25,Import,Food import clearance (식품 통관),대호제약주식회사,Daeho Pharm.,"TIELING JIDA DEER PRODUCTS PROCESSING CO., LTD.",건조녹용,녹용(건조),Deer velvet (dried),Dried,뉴질랜드,New Zealand,중국,China
2023,5,8,2023-05-08,Import,Food import clearance (식품 통관),(주)한국인삼공사,KGC,PGG WRIGHTSON LTD-VELVET,건조녹용,녹용(건조),Deer velvet (dried),Dried,뉴질랜드,New Zealand,뉴질랜드,New Zealand
2023,5,23,2023-05-23,Import,Food import clearance (식품 통관),화용제약,HwaYong Pharm.,STREAMLANDS EXPORTS NZ LTD,생녹용(냉동),생녹용(냉동),Deer velvet (frozen),Frozen,뉴질랜드,New Zealand,뉴질랜드,New Zealand
2023,6,2,2023-06-02,Import,Food import clearance (식품 통관),(주)한국인삼공사,KGC,PAREX INTERNATIONAL LTD,녹용(건조),녹용(건조),Deer velvet (dried),Dried,뉴질랜드,New Zealand,뉴질랜드,New Zealand
2023,6,2,2023-06-02,Import,Food import clearance (식품 통관),(주)우성생약,WooSung (Mr Bang) ,"XIFENG MINHE DEER PRODUCTS CO.,LTD",녹용(건조),녹용(건조),Deer velvet (dried),Dried,뉴질랜드,New Zealand,중국,China
2023,6,7,2023-06-07,Import,Food import clearance (식품 통관),(주)한국인삼공사,KGC,PGG WRIGHTSON LTD-VELVET,건조녹용,녹용(건조),Deer velvet (dried),Dried,뉴질랜드,New Zealand,뉴질랜드,New Zealand
2023,6,28,2023-06-28,Import,Food import clearance (식품 통관),(주)한국인삼공사,KGC,ROKLAND CORPORATION LTD,생녹용(냉동),생녹용(냉동),Deer velvet (frozen),Frozen,뉴질랜드,New Zealand,뉴질랜드,New Zealand
2023,7,3,2023-07-03,Import,Food import clearance (식품 통관),(주)한국인삼공사,KGC,PAREX INTERNATIONAL LTD,녹용(건조),녹용(건조),Deer velvet (dried),Dried,뉴질랜드,New Zealand,뉴질랜드,New Zealand
2023,7,11,2023-07-11,Import,Food import clearance (식품 통관),화용제약,HwaYong Pharm.,CK IMPORT EXPORT CO.(NZ) LTD,생녹용(냉동),생녹용(냉동),Deer velvet (frozen),Frozen,뉴질랜드,New Zealand,뉴질랜드,New Zealand
2023,7,12,2023-07-12,Import,Food import clearance (식품 통관),주식회사 이룡제약,Eryong Pharm.,ANZ FOOD TRADING CO,녹용,녹용(건조),Deer velvet (dried),Dried,뉴질랜드,New Zealand,홍콩,Hong Kong
2023,7,14,2023-07-14,Import,Food import clearance (식품 통관),(주)케이앤씨디어트레이드,KNC Deertrade,"TIELING JIDA DEER PRODUCTS PROCESSING CO., LTD.",건조녹용,녹용(건조),Deer velvet (dried),Dried,뉴질랜드,New Zealand,중국,China
2023,7,25,2023-07-25,Import,Food import clearance (식품 통관),와이더블유 인터내셔날,YW International,TASMAN VELVETPROCESSORS LTD,냉동녹용,생녹용(냉동),Deer velvet (frozen),Frozen,뉴질랜드,New Zealand,뉴질랜드,New Zealand
2023,7,25,2023-07-25,Import,Food import clearance (식품 통관),화용제약,HwaYong Pharm.,"TIELING AOLU TRADE CO.,LTD",녹용,녹용(건조),Deer velvet (dried),Dried,뉴질랜드,New Zealand,중국,China
2023,7,25,2023-07-25,Import,Food import clearance (식품 통관),천지담은 바이오,CheonJi Bio,"TIELING AOLU TRADE CO.,LTD",녹용,녹용(건조),Deer velvet (dried),Dried,뉴질랜드,New Zealand,중국,China
2023,7,25,2023-07-25,Import,Food import clearance (식품 통관),향나바이오 주식회사,Hyangna Bio,"TIELING AOLU TRADE CO.,LTD",녹용,녹용(건조),Deer velvet (dried),Dried,뉴질랜드,New Zealand,중국,China
2023,7,25,2023-07-25,Import,Food import clearance (식품 통관),(주)케이앤씨디어트레이드,KNC Deertrade,TIELING HUANGJIA YIPIN FOODS CO LTD,건조녹용,녹용(건조),Deer velvet (dried),Dried,뉴질랜드,New Zealand,중국,China
2023,7,25,2023-07-25,Import,Food import clearance (식품 통관),(주)한국인삼공사,KGC,PGG WRIGHTSON LTD-VELVET,건조녹용,녹용(건조),Deer velvet (dried),Dried,뉴질랜드,New Zealand,뉴질랜드,New Zealand
2023,7,25,2023-07-25,Import,Food import clearance (식품 통관),와이더블유 인터내셔날,YW International,PAREX INTERNATIONAL LTD,냉동녹용,생녹용(냉동),Deer velvet (frozen),Frozen,뉴질랜드,New Zealand,뉴질랜드,New Zealand
2023,8,2,2023-08-02,Import,Food import clearance (식품 통관),주식회사 비봉허브,Bibong Herb,STREAMLANDS EXPORTS NZ LTD,녹용,녹용(건조),Deer velvet (dried),Dried,뉴질랜드,New Zealand,뉴질랜드,New Zealand
2023,8,14,2023-08-14,Import,Food import clearance (식품 통관),주식회사 비봉허브,Bibong Herb,PROVELCO CO OPERATIVE LTD,녹용,녹용(건조),Deer velvet (dried),Dried,뉴질랜드,New Zealand,뉴질랜드,New Zealand
2023,8,14,2023-08-14,Import,Food import clearance (식품 통관),대호제약주식회사,Daeho Pharm.,"TIELING JIDA DEER PRODUCTS PROCESSING CO., LTD.",건조녹용,녹용(건조),Deer velvet (dried),Dried,뉴질랜드,New Zealand,중국,China
2023,8,14,2023-08-14,Import,Food import clearance (식품 통관),(주)한국인삼공사,KGC,PGG WRIGHTSON LTD-VELVET,건조녹용,녹용(건조),Deer velvet (dried),Dried,뉴질랜드,New Zealand,뉴질랜드,New Zealand
2023,8,29,2023-08-29,Import,Food import clearance (식품 통관),와이더블유 인터내셔날,YW International,TASMAN VELVETPROCESSORS LTD,냉동녹용,생녹용(냉동),Deer velvet (frozen),Frozen,뉴질랜드,New Zealand,뉴질랜드,New Zealand
2023,9,5,2023-09-05,Import,Food import clearance (식품 통관),(주)한국인삼공사,KGC,PAREX INTERNATIONAL LTD,녹용(건조),녹용(건조),Deer velvet (dried),Dried,뉴질랜드,New Zealand,뉴질랜드,New Zealand
2023,9,5,2023-09-05,Import,Food import clearance (식품 통관),(주)한국인삼공사,KGC,PGG WRIGHTSON LTD-VELVET,건조녹용,녹용(건조),Deer velvet (dried),Dried,뉴질랜드,New Zealand,뉴질랜드,New Zealand
2023,10,5,2023-10-05,Import,Food import clearance (식품 통관),주식회사 이룡제약,Eryong Pharm.,"TIELING JIDA DEER PRODUCTS PROCESSING CO., LTD.",녹용,녹용(건조),Deer velvet (dried),Dried,뉴질랜드,New Zealand,중국,China
2023,10,5,2023-10-05,Import,Food import clearance (식품 통관),(주)케이앤씨디어트레이드,KNC Deertrade,UB BIO LIMITED,생녹용,생녹용(냉동),Deer velvet (frozen),Frozen,뉴질랜드,New Zealand,뉴질랜드,New Zealand
2023,10,12,2023-10-12,Import,Food import clearance (식품 통관),(주)한국인삼공사,KGC,PAREX INTERNATIONAL LTD,녹용(건조),녹용(건조),Deer velvet (dried),Dried,뉴질랜드,New Zealand,뉴질랜드,New Zealand
2023,10,12,2023-10-12,Import,Food import clearance (식품 통관),(주)한국인삼공사,KGC,PGG WRIGHTSON LTD-VELVET,건조녹용,녹용(건조),Deer velvet (dried),Dried,뉴질랜드,New Zealand,뉴질랜드,New Zealand
2023,10,30,2023-10-30,Import,Food import clearance (식품 통관),한스약품주식회사,Hans Pharm Inc,DALIAN FTZ JINGHUI DEER PRODUCTS CO LTD,건조녹용,녹용(건조),Deer velvet (dried),Dried,중국,China,중국,China
2023,10,30,2023-10-30,Import,Food import clearance (식품 통관),밀리언 무역,Million Trade,WONALTAY INTERNATIONAL,건조녹용,녹용(건조),Deer velvet (dried),Dried,러시아,Russia,러시아,Russia
2023,11,9,2023-11-09,Import,Food import clearance (식품 통관),(주)한국인삼공사,KGC,PGG WRIGHTSON LTD-VELVET,건조녹용,녹용(건조),Deer velvet (dried),Dried,뉴질랜드,New Zealand,뉴질랜드,New Zealand
2023,11,20,2023-11-20,Import,Food import clearance (식품 통관),와이더블유 인터내셔날,YW International,TASMAN VELVETPROCESSORS LTD,냉동녹용,생녹용(냉동),Deer velvet (frozen),Frozen,뉴질랜드,New Zealand,뉴질랜드,New Zealand
2023,11,20,2023-11-20,Import,Food import clearance (식품 통관),온바이오,OnBio,DALIAN SHENG EN DEER PRODUCTS CO LTD,건조녹용,녹용(건조),Deer velvet (dried),Dried,뉴질랜드,New Zealand,중국,China
2023,11,23,2023-11-23,Import,Food import clearance (식품 통관),(주)온누리바이오생약,Onnuri Bio,"TIELING JIDA DEER PRODUCTS PROCESSING CO., LTD.",녹용,녹용(건조),Deer velvet (dried),Dried,뉴질랜드,New Zealand,중국,China
2023,11,28,2023-11-28,Import,Food import clearance (식품 통관),화용제약,HwaYong Pharm.,"DALIAN F.T.Z MINGWEI INDUTRY TRADE CO.,LTD",녹용,녹용(건조),Deer velvet (dried),Dried,뉴질랜드,New Zealand,중국,China
2023,11,29,2023-11-29,Import,Food import clearance (식품 통관),(주)케이앤씨디어트레이드,KNC Deertrade,ANZ FOOD TRADING CO,건조녹용,녹용(건조),Deer velvet (dried),Dried,뉴질랜드,New Zealand,홍콩,Hong Kong
2023,12,6,2023-12-06,Import,Food import clearance (식품 통관),향나바이오 주식회사,Hyangna Bio,ANZ FOOD TRADING CO,녹용,녹용(건조),Deer velvet (dried),Dried,뉴질랜드,New Zealand,홍콩,Hong Kong
2023,12,11,2023-12-11,Import,Food import clearance (식품 통관),(주)한국인삼공사,KGC,PAREX INTERNATIONAL LTD,녹용(건조),녹용(건조),Deer velvet (dried),Dried,뉴질랜드,New Zealand,뉴질랜드,New Zealand
2023,12,12,2023-12-12,Import,Food import clearance (식품 통관),건향제약주식회사,Geonhyang Pharm.,WONALTAY INTERNATIONAL,건조녹용,녹용(건조),Deer velvet (dried),Dried,러시아,Russia,러시아,Russia
2023,12,19,2023-12-19,Import,Food import clearance (식품 통관),(주)케이앤씨디어트레이드,KNC Deertrade,ROKLAND CORPORATION LIMITED,생녹용(냉동),생녹용(냉동),Deer velvet (frozen),Frozen,뉴질랜드,New Zealand,뉴질랜드,New Zealand
2023,12,28,2023-12-28,Import,Food import clearance (식품 통관),화용제약,HwaYong Pharm.,CK IMPORT EXPORT CO.(NZ) LTD,생녹용(냉동),생녹용(냉동),Deer velvet (frozen),Frozen,뉴질랜드,New Zealand,뉴질랜드,New Zealand
2024,1,19,2024-01-19,Import,Food import clearance (식품 통관),건향제약주식회사,Geonhyang Pharm.,SHUN SHING INTERNATIONAL DEVELOPMENT COMPANY,건조녹용,녹용(건조),Deer velvet (dried),Dried,러시아,Russia,홍콩,Hong Kong
2024,1,19,2024-01-19,Import,Food import clearance (식품 통관),한스약품주식회사,Hans Pharm Inc,DALIAN FTZ JINGHUI DEER PRODUCTS CO LTD,건조녹용,녹용(건조),Deer velvet (dried),Dried,중국,China,중국,China
2024,1,23,2024-01-23,Import,Food import clearance (식품 통관),(주)케이앤씨디어트레이드,KNC Deertrade,TSENGS ENTERPRISES (N.Z.) LIMITED,생녹용(냉동),생녹용(냉동),Deer velvet (frozen),Frozen,뉴질랜드,New Zealand,뉴질랜드,New Zealand
2024,1,31,2024-01-31,Import,Food import clearance (식품 통관),와이더블유 인터내셔날,YW International,TASMAN VELVETPROCESSORS LTD,냉동녹용,생녹용(냉동),Deer velvet (frozen),Frozen,뉴질랜드,New Zealand,뉴질랜드,New Zealand
2024,1,31,2024-01-31,Import,Food import clearance (식품 통관),주식회사 유한건강생활,Yuhan Care,ALPINE DEER NZLP,녹용,녹용(냉동),Deer velvet (frozen),Frozen,뉴질랜드,New Zealand,뉴질랜드,New Zealand
2024,2,7,2024-02-07,Import,Food import clearance (식품 통관),와이더블유 인터내셔날,YW International,STREAMLANDS EXPORTS NZ LTD,냉동녹용,생녹용(냉동),Deer velvet (frozen),Frozen,뉴질랜드,New Zealand,뉴질랜드,New Zealand
2024,2,7,2024-02-07,Import,Food import clearance (식품 통관),(주)한국인삼공사,KGC,PAREX INTERNATIONAL LTD,녹용(건조),녹용(건조),Deer velvet (dried),Dried,뉴질랜드,New Zealand,뉴질랜드,New Zealand
2024,2,7,2024-02-07,Import,Food import clearance (식품 통관),(주)한국인삼공사,KGC,PAREX INTERNATIONAL LTD,녹용(건조),녹용(건조),Deer velvet (dried),Dried,뉴질랜드,New Zealand,뉴질랜드,New Zealand
2024,2,7,2024-02-07,Import,Food import clearance (식품 통관),(주)케이앤씨디어트레이드,KNC Deertrade,ROKLAND CORPORATION LIMITED,생녹용(냉동),생녹용(냉동),Deer velvet (frozen),Frozen,뉴질랜드,New Zealand,뉴질랜드,New Zealand
2024,2,14,2024-02-14,Import,Food import clearance (식품 통관),(주)온누리바이오생약,Onnuri Bio,STREAMLANDS EXPORTS NZ LTD,생녹용(냉동),생녹용(냉동),Deer velvet (frozen),Frozen,뉴질랜드,New Zealand,뉴질랜드,New Zealand
2024,2,14,2024-02-14,Import,Food import clearance (식품 통관),화용제약,HwaYong Pharm.,STREAMLANDS EXPORTS NZ LTD,생녹용(냉동),생녹용(냉동),Deer velvet (frozen),Frozen,뉴질랜드,New Zealand,뉴질랜드,New Zealand
2024,2,15,2024-02-15,Import,Food import clearance (식품 통관),(주)천호엔케어,Chunho N Care,STREAMLANDS EXPORTS NZ LTD,녹용,녹용(건조),Deer velvet (dried),Dried,뉴질랜드,New Zealand,뉴질랜드,New Zealand
2024,2,15,2024-02-15,Import,Food import clearance (식품 통관),(주)우성생약,WooSung (Mr Bang) ,DALIAN F.T.Z. JUN FENG INTERNATIONAL  INDUSTRTAL TRADE CO LTD,녹용(건조),녹용(건조),Deer velvet (dried),Dried,뉴질랜드,New Zealand,중국,China
2024,2,21,2024-02-21,Import,Food import clearance (식품 통관),와이더블유 인터내셔날,YW International,STREAMLANDS EXPORTS NZ LTD,냉동녹용,생녹용(냉동),Deer velvet (frozen),Frozen,뉴질랜드,New Zealand,뉴질랜드,New Zealand
2024,2,22,2024-02-22,Import,Food import clearance (식품 통관),온바이오,OnBio,YIK LUNG TONG(NZ) INTERNAIONAL LIMITED,생녹용,생녹용(냉동),Deer velvet (frozen),Frozen,뉴질랜드,New Zealand,뉴질랜드,New Zealand
2024,2,27,2024-02-27,Import,Food import clearance (식품 통관),유진통상,Yujin Trade,WONALTAY INTERNATIONAL,건조녹용,녹용(건조),Deer velvet (dried),Dried,러시아,Russia,러시아,Russia
2024,3,12,2024-03-12,Import,Food import clearance (식품 통관),와이더블유 인터내셔날,YW International,TASMAN VELVETPROCESSORS LTD,냉동녹용,생녹용(냉동),Deer velvet (frozen),Frozen,뉴질랜드,New Zealand,뉴질랜드,New Zealand
2024,3,26,2024-03-26,Import,Food import clearance (식품 통관),유진통상,Yujin Trade,DALIAN HENGLU DEER INDUSTRY CO LTD,건조녹용,녹용(건조),Deer velvet (dried),Dried,뉴질랜드,New Zealand,중국,China
2024,3,26,2024-03-26,Import,Food import clearance (식품 통관),(주)케이앤씨디어트레이드,KNC Deertrade,PAREX INTERNATIONAL LTD,생녹용(냉동),생녹용(냉동),Deer velvet (frozen),Frozen,뉴질랜드,New Zealand,뉴질랜드,New Zealand
2024,3,27,2024-03-27,Import,Food import clearance (식품 통관),명가녹용 주식회사,MyungGa (Mr.Lee in Daegu),STREAMLANDS EXPORTS NZ LTD,녹용,녹용(건조),Deer velvet (dried),Dried,뉴질랜드,New Zealand,뉴질랜드,New Zealand
2024,4,5,2024-04-05,Import,Food import clearance (식품 통관),향나바이오 주식회사,Hyangna Bio,OOO MARAL-ASOHRA,녹용,녹용(건조),Deer velvet (dried),Dried,러시아,Russia,러시아,Russia
2024,4,22,2024-04-22,Import,Food import clearance (식품 통관),명가녹용 주식회사,MyungGa (Mr.Lee in Daegu),"XIFENG MINHE DEER PRODUCTS CO.,LTD",녹용(건조),녹용(건조),Deer velvet (dried),Dried,뉴질랜드,New Zealand,중국,China
2024,5,1,2024-05-01,Import,Food import clearance (식품 통관),(주)온누리바이오생약,Onnuri Bio,OOO MARAL-ASOHRA,녹용,녹용(건조),Deer velvet (dried),Dried,러시아,Russia,러시아,Russia
2024,5,1,2024-05-01,Import,Food import clearance (식품 통관),천지담은 바이오,CheonJi Bio,OOO MARAL-ASOHRA,녹용,녹용(건조),Deer velvet (dried),Dried,러시아,Russia,러시아,Russia
2024,5,3,2024-05-03,Import,Food import clearance (식품 통관),록원,Rokone,STREAMLANDS EXPORTS NZ LTD,냉동녹용,생녹용(냉동),Deer velvet (frozen),Frozen,뉴질랜드,New Zealand,뉴질랜드,New Zealand
2024,5,3,2024-05-03,Import,Food import clearance (식품 통관),(주)대원알디티,DaeWon RTD,SPK ABAISKI,녹용(건조),녹용(건조),Deer velvet (dried),Dried,러시아,Russia,러시아,Russia
2024,5,3,2024-05-03,Import,Food import clearance (식품 통관),흥수녹용,Heungsoo Nogyong,SPK ABAISKI,녹용(건조),녹용(건조),Deer velvet (dried),Dried,러시아,Russia,러시아,Russia
2024,5,10,2024-05-10,Import,Food import clearance (식품 통관),와이더블유 인터내셔날,YW International,TASMAN VELVETPROCESSORS LTD,냉동녹용,생녹용(냉동),Deer velvet (frozen),Frozen,뉴질랜드,New Zealand,뉴질랜드,New Zealand
2024,5,24,2024-05-24,Import,Food import clearance (식품 통관),(주)온누리바이오생약,Onnuri Bio,STREAMLANDS EXPORTS NZ LTD,녹용,녹용(건조),Deer velvet (dried),Dried,뉴질랜드,New Zealand,뉴질랜드,New Zealand
2024,5,24,2024-05-24,Import,Food import clearance (식품 통관),주식회사 비봉허브,Bibong Herb,STREAMLANDS EXPORTS NZ LTD,녹용,녹용(건조),Deer velvet (dried),Dried,뉴질랜드,New Zealand,뉴질랜드,New Zealand
2024,5,29,2024-05-29,Import,Food import clearance (식품 통관),(주)대덕제약,Daedeok Pharm.,SPK ABAISKI,녹용,녹용(건조),Deer velvet (dried),Dried,러시아,Russia,러시아,Russia
2024,5,29,2024-05-29,Import,Food import clearance (식품 통관),명가녹용 주식회사,MyungGa (Mr.Lee in Daegu),SPK ABAISKI,녹용,녹용(건조),Deer velvet (dried),Dried,러시아,Russia,러시아,Russia
2024,6,7,2024-06-07,Import,Food import clearance (식품 통관),(주)우성생약,WooSung (Mr Bang) ,"XIFENG MINHE DEER PRODUCTS CO.,LTD",녹용(건조),녹용(건조),Deer velvet (dried),Dried,뉴질랜드,New Zealand,중국,China
2024,6,10,2024-06-10,Import,Food import clearance (식품 통관),(주)케이앤씨디어트레이드,KNC Deertrade,UB BIO LIMITED,생녹용,생녹용(냉동),Deer velvet (frozen),Frozen,뉴질랜드,New Zealand,뉴질랜드,New Zealand
2024,6,13,2024-06-13,Import,Food import clearance (식품 통관),(주)용보제약,YongBo (Mr. Woljin Kim),"XIFENG MINHE DEER PRODUCTS CO.,LTD",녹용(건조),녹용(건조),Deer velvet (dried),Dried,뉴질랜드,New Zealand,중국,China
2024,6,26,2024-06-26,Import,Food import clearance (식품 통관),유진통상,Yujin Trade,WONALTAY INTERNATIONAL,건조녹용,녹용(건조),Deer velvet (dried),Dried,러시아,Russia,러시아,Russia
2024,7,8,2024-07-08,Import,Food import clearance (식품 통관),(주)디에이치지글로벌,DHG Global,"AYULA CO.,LTD",녹용,녹용(건조),Deer velvet (dried),Dried,러시아,Russia,러시아,Russia
2024,7,17,2024-07-17,Import,Food import clearance (식품 통관),주식회사 유한건강생활,Yuhan Care,ALPINE DEER NZ LP,녹용분말,기타 동물성가공식품,Animal based processed food,Other,뉴질랜드,New Zealand,뉴질랜드,New Zealand
2024,7,26,2024-07-26,Import,Food import clearance (식품 통관),유진통상,Yujin Trade,LIAONING WANLU PHARMACEUTICALCO LTD,건조녹용,녹용(건조),Deer velvet (dried),Dried,뉴질랜드,New Zealand,중국,China
2024,8,6,2024-08-06,Import,Food import clearance (식품 통관),화용제약,HwaYong Pharm.,CK IMPORT EXPORT CO.(NZ) LTD,생녹용(냉동),생녹용(냉동),Deer velvet (frozen),Frozen,뉴질랜드,New Zealand,뉴질랜드,New Zealand
2024,8,6,2024-08-06,Import,Food import clearance (식품 통관),와이더블유 인터내셔날,YW International,ROKLAND CORPORATION LIMITED,냉동녹용,생녹용(냉동),Deer velvet (frozen),Frozen,뉴질랜드,New Zealand,뉴질랜드,New Zealand
2024,8,6,2024-08-06,Import,Food import clearance (식품 통관),와이더블유 인터내셔날,YW International,TASMAN VELVETPROCESSORS LTD,냉동녹용,생녹용(냉동),Deer velvet (frozen),Frozen,뉴질랜드,New Zealand,뉴질랜드,New Zealand
2024,8,6,2024-08-06,Import,Food import clearance (식품 통관),화용제약,HwaYong Pharm.,CK IMPORT EXPORT CO.(NZ) LTD,생녹용(냉동),생녹용(냉동),Deer velvet (frozen),Frozen,뉴질랜드,New Zealand,뉴질랜드,New Zealand
2024,10,4,2024-10-04,Import,Food import clearance (식품 통관),한스약품주식회사,Hans Pharm Inc,DALIAN FTZ JINGHUI DEER PRODUCTS CO LTD,건조녹용,녹용(건조),Deer velvet (dried),Dried,중국,China,중국,China
2024,11,1,2024-11-01,Import,Food import clearance (식품 통관),주식회사 유한건강생활,Yuhan Care,ALPINE DEER NZ LP,녹용분말,기타 동물성가공식품,Animal based processed food,Other,뉴질랜드,New Zealand,뉴질랜드,New Zealand
2024,11,4,2024-11-04,Import,Food import clearance (식품 통관),(주)대원알디티,DaeWon RTD,SPK ABAISKI,녹용(건조),녹용(건조),Deer velvet (dried),Dried,러시아,Russia,러시아,Russia
2024,11,4,2024-11-04,Import,Food import clearance (식품 통관),흥수녹용,Heungsoo Nogyong,KARYAKINA A.F,녹용(건조),녹용(건조),Deer velvet (dried),Dried,러시아,Russia,러시아,Russia
2024,11,20,2024-11-20,Import,Food import clearance (식품 통관),대호제약주식회사,Daeho Pharm.,TIELING HUANGJIA YIPIN FOODS CO LTD,녹용(건조),녹용(건조),Deer velvet (dried),Dried,뉴질랜드,New Zealand,중국,China
2024,11,21,2024-11-21,Import,Food import clearance (식품 통관),(주)온누리바이오생약,Onnuri Bio,STREAMLANDS EXPORTS NZ LTD,생녹용(냉동),생녹용(냉동),Deer velvet (frozen),Frozen,뉴질랜드,New Zealand,뉴질랜드,New Zealand
2024,12,4,2024-12-04,Import,Food import clearance (식품 통관),(주)케이앤씨디어트레이드,KNC Deertrade,CK IMPORT-EXPORT COMPANY NZ LIMITED,생녹용(냉동),생녹용(냉동),Deer velvet (frozen),Frozen,뉴질랜드,New Zealand,뉴질랜드,New Zealand
2024,12,9,2024-12-09,Import,Food import clearance (식품 통관),(주)우성생약,WooSung (Mr Bang) ,"XIFENG MINHE DEER PRODUCTS CO.,LTD",녹용(건조),녹용(건조),Deer velvet (dried),Dried,뉴질랜드,New Zealand,중국,China
2024,12,9,2024-12-09,Import,Food import clearance (식품 통관),한스약품주식회사,Hans Pharm Inc,"DALIAN ZHUOFENG DEER PRODUCTS CO.,LTD",건조녹용,녹용(건조),Deer velvet (dried),Dried,뉴질랜드,New Zealand,중국,China
2024,12,12,2024-12-12,Import,Food import clearance (식품 통관),화용제약,HwaYong Pharm.,CK IMPORT EXPORT CO.(NZ) LTD,생녹용(냉동),생녹용(냉동),Deer velvet (frozen),Frozen,뉴질랜드,New Zealand,뉴질랜드,New Zealand
2024,12,19,2024-12-19,Import,Food import clearance (식품 통관),(주)케이앤씨디어트레이드,KNC Deertrade,ROKLAND CORPORATION LIMITED,생녹용(냉동),생녹용(냉동),Deer velvet (frozen),Frozen,뉴질랜드,New Zealand,뉴질랜드,New Zealand
2024,12,27,2024-12-27,Import,Food import clearance (식품 통관),(주)케이앤씨디어트레이드,KNC Deertrade,STREAMLANDS EXPORTS NZ LTD,생녹용(냉동),생녹용(냉동),Deer velvet (frozen),Frozen,뉴질랜드,New Zealand,뉴질랜드,New Zealand
2025,1,9,2025-01-09,Import,Food import clearance (식품 통관),(주)진수녹용,"Jinsoo Deer Co., Ltd.",PROVELCO LTD,생녹용,생녹용(냉동),Deer velvet (frozen),Frozen,뉴질랜드,New Zealand,뉴질랜드,New Zealand
2025,1,15,2025-01-15,Import,Food import clearance (식품 통관),록원,Rokone,STREAMLANDS EXPORTS NZ LTD,냉동녹용,생녹용(냉동),Deer velvet (frozen),Frozen,뉴질랜드,New Zealand,뉴질랜드,New Zealand
2025,1,24,2025-01-24,Import,Food import clearance (식품 통관),주식회사 유한건강생활,Yuhan Care,ALPINE DEER NZLP,녹용,생녹용(냉동),Deer velvet (frozen),Frozen,뉴질랜드,New Zealand,뉴질랜드,New Zealand
2025,2,14,2025-02-14,Import,Food import clearance (식품 통관),와이더블유 인터내셔날,YW International,TASMAN VELVETPROCESSORS LTD,냉동녹용,생녹용(냉동),Deer velvet (frozen),Frozen,뉴질랜드,New Zealand,뉴질랜드,New Zealand
2025,2,18,2025-02-18,Import,Food import clearance (식품 통관),(주)온누리바이오생약,Onnuri Bio,"OOO ""SEMINSKY""",녹용,녹용(건조),Deer velvet (dried),Dried,러시아,Russia,러시아,Russia
2025,2,18,2025-02-18,Import,Food import clearance (식품 통관),향나바이오 주식회사,Hyangna Bio,"OOO ""SEMINSKY""",녹용,녹용(건조),Deer velvet (dried),Dried,러시아,Russia,러시아,Russia
2025,2,18,2025-02-18,Import,Food import clearance (식품 통관),(주)대원알디티,DaeWon RTD,SPK ABAISKI,녹용(건조),녹용(건조),Deer velvet (dried),Dried,러시아,Russia,러시아,Russia
2025,2,25,2025-02-25,Import,Food import clearance (식품 통관),유진통상,Yujin Trade,WONALTAY INTERNATIONAL,녹용(건조),녹용(건조),Deer velvet (dried),Dried,러시아,Russia,러시아,Russia
2025,2,26,2025-02-26,Import,Food import clearance (식품 통관),태안약업(주),Taeahn (Mr. Ahn),ROKLAND CORPORATION LIMITED,녹용,녹용(건조),Deer velvet (dried),Dried,뉴질랜드,New Zealand,뉴질랜드,New Zealand
2025,2,28,2025-02-28,Import,Food import clearance (식품 통관),(주)케이앤씨디어트레이드,KNC Deertrade,STREAMLANDS EXPORTS NZ LTD,생녹용(냉동),생녹용(냉동),Deer velvet (frozen),Frozen,뉴질랜드,New Zealand,뉴질랜드,New Zealand
2025,3,4,2025-03-04,Import,Food import clearance (식품 통관),화용제약,HwaYong Pharm.,CK IMPORT EXPORT CO.(NZ) LTD,생녹용(냉동),생녹용(냉동),Deer velvet (frozen),Frozen,뉴질랜드,New Zealand,뉴질랜드,New Zealand
2025,3,5,2025-03-05,Import,Food import clearance (식품 통관),록원,Rokone,STREAMLANDS EXPORTS NZ LTD,냉동녹용,생녹용(냉동),Deer velvet (frozen),Frozen,뉴질랜드,New Zealand,뉴질랜드,New Zealand
2025,3,7,2025-03-07,Import,Food import clearance (식품 통관),(주)케이앤씨디어트레이드,KNC Deertrade,CK IMPORT-EXPORT COMPANY NZ LIMITED,생녹용(냉동),생녹용(냉동),Deer velvet (frozen),Frozen,뉴질랜드,New Zealand,뉴질랜드,New Zealand
2025,3,10,2025-03-10,Import,Food import clearance (식품 통관),대호제약주식회사,Daeho Pharm.,TIELING HUANGJIA YIPIN FOODS CO LTD,녹용(건조),녹용(건조),Deer velvet (dried),Dried,뉴질랜드,New Zealand,중국,China
2025,3,12,2025-03-12,Import,Food import clearance (식품 통관),주식회사 가온제약,GaOn Pharm,PROVELCO LTD,생녹용,생녹용(냉동),Deer velvet (frozen),Frozen,뉴질랜드,New Zealand,뉴질랜드,New Zealand
2025,3,13,2025-03-13,Import,Food import clearance (식품 통관),와이더블유 인터내셔날,YW International,TASMAN VELVETPROCESSORS LTD,냉동녹용,생녹용(냉동),Deer velvet (frozen),Frozen,뉴질랜드,New Zealand,뉴질랜드,New Zealand
2025,3,17,2025-03-17,Import,Food import clearance (식품 통관),(주)케이앤씨디어트레이드,KNC Deertrade,ROKLAND CORPORATION LIMITED,생녹용(냉동),생녹용(냉동),Deer velvet (frozen),Frozen,뉴질랜드,New Zealand,뉴질랜드,New Zealand
2025,3,26,2025-03-26,Import,Food import clearance (식품 통관),주식회사 이룡제약,Eryong Pharm.,ORIENTAL DEER HOLDINGS LIMITED,생녹용,생녹용(냉동),Deer velvet (frozen),Frozen,뉴질랜드,New Zealand,뉴질랜드,New Zealand
2025,3,28,2025-03-28,Import,Food import clearance (식품 통관),주식회사 비봉허브,Bibong Herb,STREAMLANDS EXPORTS NZ LTD,녹용,녹용(건조),Deer velvet (dried),Dried,뉴질랜드,New Zealand,뉴질랜드,New Zealand
2025,4,2,2025-04-02,Import,Food import clearance (식품 통관),(주)바이오닷,Bio Dot (Han Dong Herb),YIK LUNG TONG(NZ) INTERNAIONAL LIMITED,생녹용,생녹용(냉동),Deer velvet (frozen),Frozen,뉴질랜드,New Zealand,뉴질랜드,New Zealand
2025,4,11,2025-04-11,Import,Food import clearance (식품 통관),유진통상,Yujin Trade,"DALIAN CHANG LU DEER INDUSTRY CO., LTD",녹용(건조),녹용(건조),Deer velvet (dried),Dried,뉴질랜드,New Zealand,중국,China
2025,4,18,2025-04-18,Import,Food import clearance (식품 통관),(주)천호엔케어,Chunho N Care,STREAMLANDS EXPORTS NZ LTD,녹용,녹용(건조),Deer velvet (dried),Dried,뉴질랜드,New Zealand,뉴질랜드,New Zealand
2025,4,25,2025-04-25,Import,Food import clearance (식품 통관),(주)케이앤씨디어트레이드,KNC Deertrade,PROVELCO LTD,생녹용,생녹용(냉동),Deer velvet (frozen),Frozen,뉴질랜드,New Zealand,뉴질랜드,New Zealand
2025,5,1,2025-05-01,Import,Food import clearance (식품 통관),(주)케이앤씨디어트레이드,KNC Deertrade,ROKLAND CORPORATION LIMITED,생녹용(냉동),생녹용(냉동),Deer velvet (frozen),Frozen,뉴질랜드,New Zealand,뉴질랜드,New Zealand
2025,5,1,2025-05-01,Import,Food import clearance (식품 통관),화용제약,HwaYong Pharm.,CK IMPORT EXPORT CO.(NZ) LTD,생녹용(냉동),생녹용(냉동),Deer velvet (frozen),Frozen,뉴질랜드,New Zealand,뉴질랜드,New Zealand
2025,5,22,2025-05-22,Import,Food import clearance (식품 통관),(주)온누리바이오생약,Onnuri Bio,ORIENTAL DEER HOLDINGS LIMITED,생녹용(냉동),생녹용(냉동),Deer velvet (frozen),Frozen,뉴질랜드,New Zealand,뉴질랜드,New Zealand
2025,5,27,2025-05-27,Import,Food import clearance (식품 통관),(주)온누리바이오생약,Onnuri Bio,"TEN-EXPORT LTD,",녹용,녹용(건조),Deer velvet (dried),Dried,러시아,Russia,러시아,Russia
2025,6,4,2025-06-04,Import,Food import clearance (식품 통관),(주)케이앤씨디어트레이드,KNC Deertrade,ORIENTAL DEER HOLDINGS LIMITED,생녹용(냉동),생녹용(냉동),Deer velvet (frozen),Frozen,뉴질랜드,New Zealand,뉴질랜드,New Zealand
2025,6,4,2025-06-04,Import,Food import clearance (식품 통관),와이더블유 인터내셔날,YW International,TASMAN VELVETPROCESSORS LTD,냉동녹용,생녹용(냉동),Deer velvet (frozen),Frozen,뉴질랜드,New Zealand,뉴질랜드,New Zealand
2025,6,26,2025-06-26,Import,Food import clearance (식품 통관),화용제약,HwaYong Pharm.,CK IMPORT EXPORT CO.(NZ) LTD,생녹용(냉동),생녹용(냉동),Deer velvet (frozen),Frozen,뉴질랜드,New Zealand,뉴질랜드,New Zealand
2025,7,1,2025-07-01,Import,Food import clearance (식품 통관),(주)온누리바이오생약,Onnuri Bio,DALIAN SHENG EN DEER PRODUCTS CO LTD,녹용,녹용(건조),Deer velvet (dried),Dried,뉴질랜드,New Zealand,중국,China
2025,8,27,2025-08-27,Import,Food import clearance (식품 통관),시베리안앤틀러팜스 주식회사,Siberian Antlers Pharms Inc.,"OOO ""SEMINSKY""",녹용(건조),녹용(건조),Deer velvet (dried),Dried,러시아,Russia,러시아,Russia
2025,8,29,2025-08-29,Import,Food import clearance (식품 통관),유진통상,Yujin Trade,DALIAN HENGLU DEER INDUSTRY CO LTD,녹용(건조),녹용(건조),Deer velvet (dried),Dried,뉴질랜드,New Zealand,중국,China
2025,9,2,2025-09-02,Import,Food import clearance (식품 통관),향나바이오 주식회사,Hyangna Bio,DALIAN SHENG EN DEER PRODUCTS CO LTD,녹용,녹용(건조),Deer velvet (dried),Dried,뉴질랜드,New Zealand,중국,China
2025,9,9,2025-09-09,Import,Food import clearance (식품 통관),(주)한국인삼공사,KGC,ORIENTAL DEER HOLDINGS LIMITED,녹용(건조),녹용(건조),Deer velvet (dried),Dried,뉴질랜드,New Zealand,뉴질랜드,New Zealand
2025,9,23,2025-09-23,Import,Food import clearance (식품 통관),(주)한국인삼공사,KGC,PAREX INTERNATIONAL LTD,녹용(건조),녹용(건조),Deer velvet (dried),Dried,뉴질랜드,New Zealand,뉴질랜드,New Zealand
2025,9,23,2025-09-23,Import,Food import clearance (식품 통관),온바이오,OnBio,"DALIAN F.T.Z. JUNFENG INTERNATIONAL INDUSTRIAL & TRADE CO.,LTD.",녹용(건조),녹용(건조),Deer velvet (dried),Dried,뉴질랜드,New Zealand,중국,China
2025,10,23,2025-10-23,Import,Food import clearance (식품 통관),주식회사 이룡제약,Eryong Pharm.,"DALIAN CHANG LU DEER INDUSTRY CO., LTD",녹용,녹용(건조),Deer velvet (dried),Dried,뉴질랜드,New Zealand,중국,China
2025,10,23,2025-10-23,Import,Food import clearance (식품 통관),(주)케이앤씨디어트레이드,KNC Deertrade,ORIENTAL DEER HOLDINGS LIMITED,생녹용,생녹용(냉동),Deer velvet (frozen),Frozen,뉴질랜드,New Zealand,뉴질랜드,New Zealand
2025,11,11,2025-11-11,Import,Food import clearance (식품 통관),(주)대원알디티,DaeWon RTD,SPK ABAISKI,녹용(건조),녹용(건조),Deer velvet (dried),Dried,러시아,Russia,러시아,Russia
2025,11,11,2025-11-11,Import,Food import clearance (식품 통관),흥수녹용,Heungsoo Nogyong,SPK ABAISKI,녹용(건조),녹용(건조),Deer velvet (dried),Dried,러시아,Russia,러시아,Russia
2025,11,14,2025-11-14,Import,Food import clearance (식품 통관),주식회사 이룡제약,Eryong Pharm.,ORIENTAL DEER HOLDINGS LIMITED,생녹용(냉동),생녹용(냉동),Deer velvet (frozen),Frozen,뉴질랜드,New Zealand,뉴질랜드,New Zealand
2025,11,20,2025-11-20,Import,Food import clearance (식품 통관),온바이오,OnBio,DALIAN SHENG EN DEER PRODUCTS CO LTD,녹용(건조),녹용(건조),Deer velvet (dried),Dried,뉴질랜드,New Zealand,중국,China
2025,11,28,2025-11-28,Import,Food import clearance (식품 통관),(주)우성생약,WooSung (Mr Bang) ,"XIFENG MINHE DEER PRODUCTS CO.,LTD",녹용(건조),녹용(건조),Deer velvet (dried),Dried,뉴질랜드,New Zealand,중국,China
2025,12,4,2025-12-04,Import,Food import clearance (식품 통관),조은생약,JoEun Pharm ,"UIMON CO.,LTD",녹용,녹용(건조),Deer velvet (dried),Dried,러시아,Russia,러시아,Russia
2025,12,8,2025-12-08,Import,Food import clearance (식품 통관),유진통상,Yujin Trade,DALIAN HENGLU DEER INDUSTRY CO LTD,녹용(건조),녹용(건조),Deer velvet (dried),Dried,뉴질랜드,New Zealand,중국,China
2025,12,10,2025-12-10,Import,Food import clearance (식품 통관),화용제약,HwaYong Pharm.,CK IMPORT EXPORT CO.(NZ) LTD,생녹용(냉동),생녹용(냉동),Deer velvet (frozen),Frozen,뉴질랜드,New Zealand,뉴질랜드,New Zealand
2025,12,10,2025-12-10,Import,Food import clearance (식품 통관),(주)케이앤씨디어트레이드,KNC Deertrade,PROVELCO LTD,생녹용(냉동),생녹용(냉동),Deer velvet (frozen),Frozen,뉴질랜드,New Zealand,뉴질랜드,New Zealand
2025,12,15,2025-12-15,Import,Food import clearance (식품 통관),화용제약,HwaYong Pharm.,DALIAN SHENG EN DEER PRODUCTS CO LTD,녹용,녹용(건조),Deer velvet (dried),Dried,뉴질랜드,New Zealand,중국,China
2025,12,15,2025-12-15,Import,Food import clearance (식품 통관),(주)용보제약,YongBo (Mr. Woljin Kim),"XIFENG MINHE DEER PRODUCTS CO.,LTD",녹용(건조),녹용(건조),Deer velvet (dried),Dried,뉴질랜드,New Zealand,중국,China
2026,1,9,2026-01-09,Import,Food import clearance (식품 통관),건향제약주식회사,Geonhyang Pharm.,IP SHPILEKOV ALEXEY MIKHAILOVICH,녹용(건조),녹용(건조),Deer velvet (dried),Dried,러시아,Russia,러시아,Russia
2026,1,9,2026-01-09,Import,Food import clearance (식품 통관),(주)바이오닷,Bio Dot (Han Dong Herb),C K IMPORT EXPORT CO (NZ) LTD,생녹용,생녹용(냉동),Deer velvet (frozen),Frozen,뉴질랜드,New Zealand,뉴질랜드,New Zealand
2026,1,15,2026-01-15,Import,Food import clearance (식품 통관),와이더블유 인터내셔날,YW International,ROKLAND CORPORATION LIMITED,냉동녹용,생녹용(냉동),Deer velvet (frozen),Frozen,뉴질랜드,New Zealand,뉴질랜드,New Zealand
2026,1,27,2026-01-27,Import,Food import clearance (식품 통관),(주)케이앤씨디어트레이드,KNC Deertrade,"DALIAN F.T.Z. JUNFENG INTERNATIONAL INDUSTRIAL & TRADE CO.,LTD.",녹용(건조),녹용(건조),Deer velvet (dried),Dried,뉴질랜드,New Zealand,중국,China
2026,2,5,2026-02-05,Import,Food import clearance (식품 통관),화용제약,HwaYong Pharm.,CK IMPORT EXPORT CO.(NZ) LTD,생녹용(냉동),생녹용(냉동),Deer velvet (frozen),Frozen,뉴질랜드,New Zealand,뉴질랜드,New Zealand
2026,2,20,2026-02-20,Import,Food import clearance (식품 통관),주식회사 이룡제약,Eryong Pharm.,YIK LUNG TONG(NZ) INTERNAIONAL LIMITED,생녹용(냉동),생녹용(냉동),Deer velvet (frozen),Frozen,뉴질랜드,New Zealand,뉴질랜드,New Zealand
2026,3,11,2026-03-11,Import,Food import clearance (식품 통관),유진통상,Yujin Trade,DALIAN HENGLU DEER INDUSTRY CO LTD,녹용(건조),녹용(건조),Deer velvet (dried),Dried,뉴질랜드,New Zealand,중국,China
2026,3,11,2026-03-11,Import,Food import clearance (식품 통관),유진통상,Yujin Trade,DALIAN HENGLU DEER INDUSTRY CO LTD,녹용(건조),녹용(건조),Deer velvet (dried),Dried,뉴질랜드,New Zealand,중국,China
2026,3,12,2026-03-12,Import,Food import clearance (식품 통관),와이더블유 인터내셔날,YW International,ROKLAND CORPORATION LIMITED,냉동녹용,생녹용(냉동),Deer velvet (frozen),Frozen,뉴질랜드,New Zealand,뉴질랜드,New Zealand
2026,3,12,2026-03-12,Import,Food import clearance (식품 통관),(주)한국인삼공사,KGC,PAREX INTERNATIONAL LTD,생녹용(냉동),생녹용(냉동),Deer velvet (frozen),Frozen,뉴질랜드,New Zealand,뉴질랜드,New Zealand
2026,3,12,2026-03-12,Import,Food import clearance (식품 통관),와이더블유 인터내셔날,YW International,ROKLAND CORPORATION LIMITED,냉동녹용,생녹용(냉동),Deer velvet (frozen),Frozen,뉴질랜드,New Zealand,뉴질랜드,New Zealand
2026,3,12,2026-03-12,Import,Food import clearance (식품 통관),(주)한국인삼공사,KGC,PAREX INTERNATIONAL LTD,생녹용(냉동),생녹용(냉동),Deer velvet (frozen),Frozen,뉴질랜드,New Zealand,뉴질랜드,New Zealand
2026,3,16,2026-03-16,Import,Food import clearance (식품 통관),(주)바이오닷,Bio Dot (Han Dong Herb),C K IMPORT EXPORT CO (NZ) LTD,생녹용,생녹용(냉동),Deer velvet (frozen),Frozen,뉴질랜드,New Zealand,뉴질랜드,New Zealand
2026,3,16,2026-03-16,Import,Food import clearance (식품 통관),(주)바이오닷,Bio Dot (Han Dong Herb),C K IMPORT EXPORT CO (NZ) LTD,생녹용,생녹용(냉동),Deer velvet (frozen),Frozen,뉴질랜드,New Zealand,뉴질랜드,New Zealand
2026,3,17,2026-03-17,Import,Food import clearance (식품 통관),(주)케이앤씨디어트레이드,KNC Deertrade,PROVELCO LTD,생녹용,생녹용(냉동),Deer velvet (frozen),Frozen,뉴질랜드,New Zealand,뉴질랜드,New Zealand
2026,3,17,2026-03-17,Import,Food import clearance (식품 통관),(주)케이앤씨디어트레이드,KNC Deertrade,PROVELCO LTD,생녹용,생녹용(냉동),Deer velvet (frozen),Frozen,뉴질랜드,New Zealand,뉴질랜드,New Zealand
2026,3,25,2026-03-25,Import,Food import clearance (식품 통관),온바이오,OnBio,YIK LUNG TONG(NZ) INTERNAIONAL LIMITED,생녹용(냉동),생녹용(냉동),Deer velvet (frozen),Frozen,뉴질랜드,New Zealand,뉴질랜드,New Zealand
2026,3,25,2026-03-25,Import,Food import clearance (식품 통관),온바이오,OnBio,YIK LUNG TONG(NZ) INTERNAIONAL LIMITED,생녹용(냉동),생녹용(냉동),Deer velvet (frozen),Frozen,뉴질랜드,New Zealand,뉴질랜드,New Zealand
2026,4,3,2026-04-03,Import,Food import clearance (식품 통관),(주)케이앤씨디어트레이드,KNC Deertrade,ROKLAND CORPORATION LIMITED,생녹용,생녹용(냉동),Deer velvet (frozen),Frozen,뉴질랜드,New Zealand,뉴질랜드,New Zealand
2026,4,3,2026-04-03,Import,Food import clearance (식품 통관),화용제약,HwaYong Pharm.,CK IMPORT EXPORT CO.(NZ) LTD,생녹용(냉동),생녹용(냉동),Deer velvet (frozen),Frozen,뉴질랜드,New Zealand,뉴질랜드,New Zealand
2026,4,3,2026-04-03,Import,Food import clearance (식품 통관),(주)케이앤씨디어트레이드,KNC Deertrade,ROKLAND CORPORATION LIMITED,생녹용,생녹용(냉동),Deer velvet (frozen),Frozen,뉴질랜드,New Zealand,뉴질랜드,New Zealand
2026,4,3,2026-04-03,Import,Food import clearance (식품 통관),화용제약,HwaYong Pharm.,CK IMPORT EXPORT CO.(NZ) LTD,생녹용(냉동),생녹용(냉동),Deer velvet (frozen),Frozen,뉴질랜드,New Zealand,뉴질랜드,New Zealand
2026,4,7,2026-04-07,Import,Food import clearance (식품 통관),(주)우성생약,WooSung (Mr Bang) ,"XIFENG MINHE DEER PRODUCTS CO.,LTD",녹용(건조),녹용(건조),Deer velvet (dried),Dried,뉴질랜드,New Zealand,중국,China
2026,4,7,2026-04-07,Import,Food import clearance (식품 통관),주식회사 가온제약,GaOn Pharm,CK IMPORT-EXPORT COMPANY NZ LIMITED,냉동녹용,생녹용(냉동),Deer velvet (frozen),Frozen,뉴질랜드,New Zealand,뉴질랜드,New Zealand
2026,4,7,2026-04-07,Import,Food import clearance (식품 통관),(주)우성생약,WooSung (Mr Bang) ,"XIFENG MINHE DEER PRODUCTS CO.,LTD",녹용(건조),녹용(건조),Deer velvet (dried),Dried,뉴질랜드,New Zealand,중국,China
2026,4,7,2026-04-07,Import,Food import clearance (식품 통관),주식회사 가온제약,GaOn Pharm,CK IMPORT-EXPORT COMPANY NZ LIMITED,냉동녹용,생녹용(냉동),Deer velvet (frozen),Frozen,뉴질랜드,New Zealand,뉴질랜드,New Zealand
2026,4,10,2026-04-10,Import,Food import clearance (식품 통관),(주)우성생약,WooSung (Mr Bang) ,"XIFENG MINHE DEER PRODUCTS CO.,LTD",녹용(건조),녹용(건조),Deer velvet (dried),Dried,뉴질랜드,New Zealand,중국,China
2026,4,17,2026-04-17,Import,Food import clearance (식품 통관),(주)온누리바이오생약,Onnuri Bio,"TIELING AOLU TRADE CO.,LTD",녹용,녹용(건조),Deer velvet (dried),Dried,뉴질랜드,New Zealand,중국,China
2026,4,17,2026-04-17,Import,Food import clearance (식품 통관),(주)온누리바이오생약,Onnuri Bio,"TIELING AOLU TRADE CO.,LTD",녹용,녹용(건조),Deer velvet (dried),Dried,뉴질랜드,New Zealand,중국,China
2026,5,8,2026-05-08,Import,Food import clearance (식품 통관),온바이오,OnBio,"DALIAN F.T.Z. JUNFENG INTERNATIONAL INDUSTRIAL & TRADE CO.,LTD.",녹용(건조),녹용(건조),Deer velvet (dried),Dried,뉴질랜드,New Zealand,중국,China
2026,5,13,2026-05-13,Import,Food import clearance (식품 통관),주식회사 이룡제약,Eryong Pharm.,"TIELING AOLU TRADE CO.,LTD",녹용,녹용(건조),Deer velvet (dried),Dried,중국,China,중국,China
2026,5,19,2026-05-19,Import,Food import clearance (식품 통관),와이더블유 인터내셔날,YW International,ROKLAND CORPORATION LIMITED,냉동녹용,생녹용(냉동),Deer velvet (frozen),Frozen,뉴질랜드,New Zealand,뉴질랜드,New Zealand
2026,5,27,2026-05-27,Import,Food import clearance (식품 통관),(주)케이앤씨디어트레이드,KNC Deertrade,"DALIAN CHANG LU DEER INDUSTRY CO., LTD",녹용(건조),녹용(건조),Deer velvet (dried),Dried,뉴질랜드,New Zealand,중국,China
2026,5,29,2026-05-29,Import,Food import clearance (식품 통관),(주)케이앤씨디어트레이드,KNC Deertrade,UB BIO LIMITED,생녹용,생녹용(냉동),Deer velvet (frozen),Frozen,뉴질랜드,New Zealand,뉴질랜드,New Zealand
2026,6,4,2026-06-04,Import,Food import clearance (식품 통관),주식회사 비봉허브,Bibong Herb,VEXCO LIMITED,녹용,녹용(건조),Deer velvet (dried),Dried,뉴질랜드,New Zealand,뉴질랜드,New Zealand
2026,6,4,2026-06-04,Import,Food import clearance (식품 통관),(주)케이앤씨디어트레이드,KNC Deertrade,"DALIAN CHANG LU DEER INDUSTRY CO., LTD",녹용(건조),녹용(건조),Deer velvet (dried),Dried,뉴질랜드,New Zealand,중국,China
2026,6,17,2026-06-17,Import,Food import clearance (식품 통관),주식회사 이룡제약,Eryong Pharm.,ORIENTAL DEER HOLDINGS LIMITED,생녹용(냉동),생녹용(냉동),Deer velvet (frozen),Frozen,뉴질랜드,New Zealand,뉴질랜드,New Zealand
2026,6,29,2026-06-29,Import,Food import clearance (식품 통관),(주)천호엔케어,Chunho N Care,STREAMLANDS EXPORTS NZ LTD,녹용,녹용(건조),Deer velvet (dried),Dried,뉴질랜드,New Zealand,뉴질랜드,New Zealand
