Year,Month,Trade,Basis,HS_Code,Product_EN,Product_KR,Country,Quantity_kg,FOB_NZD
2019,1,Export,"Export customs (FOB, NZD)",0507900002,"Antler/velvet, unworked (excl. powder)",녹각·미가공 녹용,China,11317,1129487
2019,1,Export,"Export customs (FOB, NZD)",0507900011,"Velvet, unworked, frozen",생녹용(냉동),China,63036,5843275
2019,1,Export,"Export customs (FOB, NZD)",0507900012,"Velvet, unworked, dried",녹용(건조),China,549,43820
2019,1,Export,"Export customs (FOB, NZD)",0507900002,"Antler/velvet, unworked (excl. powder)",녹각·미가공 녹용,South Korea,9500,945511
2019,1,Export,"Export customs (FOB, NZD)",0507900011,"Velvet, unworked, frozen",생녹용(냉동),South Korea,7030,689557
2019,1,Export,"Export customs (FOB, NZD)",0507900012,"Velvet, unworked, dried",녹용(건조),South Korea,2957,1334854
2019,1,Export,"Export customs (FOB, NZD)",0507900012,"Velvet, unworked, dried",녹용(건조),Australia,452,38765
2019,1,Export,"Export customs (FOB, NZD)",0507900011,"Velvet, unworked, frozen",생녹용(냉동),Taiwan,2805,225844
2019,1,Export,"Export customs (FOB, NZD)",0507900012,"Velvet, unworked, dried",녹용(건조),Hong Kong,66,5329
2019,1,Export,"Export customs (FOB, NZD)",0507900012,"Velvet, unworked, dried",녹용(건조),USA,180,15625
2019,1,Export,"Export customs (FOB, NZD)",0507900012,"Velvet, unworked, dried",녹용(건조),Japan,284,17289
2019,1,Export,"Export customs (FOB, NZD)",0507900012,"Velvet, unworked, dried",녹용(건조),Singapore,107,7621
2019,2,Export,"Export customs (FOB, NZD)",0507900002,"Antler/velvet, unworked (excl. powder)",녹각·미가공 녹용,China,10374,1447728
2019,2,Export,"Export customs (FOB, NZD)",0507900011,"Velvet, unworked, frozen",생녹용(냉동),China,61563,5435164
2019,2,Export,"Export customs (FOB, NZD)",0507900012,"Velvet, unworked, dried",녹용(건조),China,19,1486
2019,2,Export,"Export customs (FOB, NZD)",0507900002,"Antler/velvet, unworked (excl. powder)",녹각·미가공 녹용,South Korea,7556,732282
2019,2,Export,"Export customs (FOB, NZD)",0507900011,"Velvet, unworked, frozen",생녹용(냉동),South Korea,13325,1315075
2019,2,Export,"Export customs (FOB, NZD)",0507900012,"Velvet, unworked, dried",녹용(건조),South Korea,825,153363
2019,2,Export,"Export customs (FOB, NZD)",0507900012,"Velvet, unworked, dried",녹용(건조),Australia,153,7590
2019,2,Export,"Export customs (FOB, NZD)",0507900012,"Velvet, unworked, dried",녹용(건조),Taiwan,368,24000
2019,2,Export,"Export customs (FOB, NZD)",0507900012,"Velvet, unworked, dried",녹용(건조),Hong Kong,44,3003
2019,2,Export,"Export customs (FOB, NZD)",0507900012,"Velvet, unworked, dried",녹용(건조),USA,462,32621
2019,2,Export,"Export customs (FOB, NZD)",0507900012,"Velvet, unworked, dried",녹용(건조),Canada,114,5996
2019,3,Export,"Export customs (FOB, NZD)",0507900002,"Antler/velvet, unworked (excl. powder)",녹각·미가공 녹용,China,15917,891764
2019,3,Export,"Export customs (FOB, NZD)",0507900011,"Velvet, unworked, frozen",생녹용(냉동),China,66203,3844601
2019,3,Export,"Export customs (FOB, NZD)",0507900002,"Antler/velvet, unworked (excl. powder)",녹각·미가공 녹용,South Korea,6500,650000
2019,3,Export,"Export customs (FOB, NZD)",0507900011,"Velvet, unworked, frozen",생녹용(냉동),South Korea,2000,180000
2019,3,Export,"Export customs (FOB, NZD)",0507900012,"Velvet, unworked, dried",녹용(건조),South Korea,1893,908373
2019,3,Export,"Export customs (FOB, NZD)",0507900012,"Velvet, unworked, dried",녹용(건조),Australia,11,9922
2019,3,Export,"Export customs (FOB, NZD)",0507900011,"Velvet, unworked, frozen",생녹용(냉동),Taiwan,1028,105777
2019,3,Export,"Export customs (FOB, NZD)",0507900012,"Velvet, unworked, dried",녹용(건조),Taiwan,150,59461
2019,3,Export,"Export customs (FOB, NZD)",0507900012,"Velvet, unworked, dried",녹용(건조),Hong Kong,100,645
2019,3,Export,"Export customs (FOB, NZD)",0507900012,"Velvet, unworked, dried",녹용(건조),USA,668,33773
2019,3,Export,"Export customs (FOB, NZD)",0507900012,"Velvet, unworked, dried",녹용(건조),Japan,175,11732
2019,4,Export,"Export customs (FOB, NZD)",0507900002,"Antler/velvet, unworked (excl. powder)",녹각·미가공 녹용,China,13082,795662
2019,4,Export,"Export customs (FOB, NZD)",0507900011,"Velvet, unworked, frozen",생녹용(냉동),China,31622,3630733
2019,4,Export,"Export customs (FOB, NZD)",0507900002,"Antler/velvet, unworked (excl. powder)",녹각·미가공 녹용,South Korea,3992,479021
2019,4,Export,"Export customs (FOB, NZD)",0507900011,"Velvet, unworked, frozen",생녹용(냉동),South Korea,3097,269207
2019,4,Export,"Export customs (FOB, NZD)",0507900012,"Velvet, unworked, dried",녹용(건조),South Korea,3418,1134694
2019,4,Export,"Export customs (FOB, NZD)",0507900002,"Antler/velvet, unworked (excl. powder)",녹각·미가공 녹용,Australia,450,28065
2019,4,Export,"Export customs (FOB, NZD)",0507900012,"Velvet, unworked, dried",녹용(건조),Australia,142,39392
2019,4,Export,"Export customs (FOB, NZD)",0507900012,"Velvet, unworked, dried",녹용(건조),Hong Kong,33,2460
2019,4,Export,"Export customs (FOB, NZD)",0507900012,"Velvet, unworked, dried",녹용(건조),USA,1632,89391
2019,4,Export,"Export customs (FOB, NZD)",0507900012,"Velvet, unworked, dried",녹용(건조),Japan,488,28059
2019,5,Export,"Export customs (FOB, NZD)",0507900002,"Antler/velvet, unworked (excl. powder)",녹각·미가공 녹용,China,7807,549901
2019,5,Export,"Export customs (FOB, NZD)",0507900011,"Velvet, unworked, frozen",생녹용(냉동),China,48129,2877477
2019,5,Export,"Export customs (FOB, NZD)",0507900012,"Velvet, unworked, dried",녹용(건조),China,737,58971
2019,5,Export,"Export customs (FOB, NZD)",0507900011,"Velvet, unworked, frozen",생녹용(냉동),South Korea,768,69098
2019,5,Export,"Export customs (FOB, NZD)",0507900012,"Velvet, unworked, dried",녹용(건조),South Korea,1492,787309
2019,5,Export,"Export customs (FOB, NZD)",0507900002,"Antler/velvet, unworked (excl. powder)",녹각·미가공 녹용,Australia,1947,107706
2019,5,Export,"Export customs (FOB, NZD)",0507900012,"Velvet, unworked, dried",녹용(건조),Australia,188,9141
2019,5,Export,"Export customs (FOB, NZD)",0507900012,"Velvet, unworked, dried",녹용(건조),Taiwan,24,1743
2019,5,Export,"Export customs (FOB, NZD)",0507900012,"Velvet, unworked, dried",녹용(건조),Hong Kong,1645,74829
2019,5,Export,"Export customs (FOB, NZD)",0507900012,"Velvet, unworked, dried",녹용(건조),USA,498,25431
2019,5,Export,"Export customs (FOB, NZD)",0507900015,"Velvet, unworked, other",기타 녹용,USA,86,63644
2019,5,Export,"Export customs (FOB, NZD)",0507900012,"Velvet, unworked, dried",녹용(건조),Japan,50,20000
2019,5,Export,"Export customs (FOB, NZD)",0507900012,"Velvet, unworked, dried",녹용(건조),Canada,128,7454
2019,5,Export,"Export customs (FOB, NZD)",0507900012,"Velvet, unworked, dried",녹용(건조),Singapore,17,1070
2019,6,Export,"Export customs (FOB, NZD)",0507900002,"Antler/velvet, unworked (excl. powder)",녹각·미가공 녹용,China,5768,86525
2019,6,Export,"Export customs (FOB, NZD)",0507900012,"Velvet, unworked, dried",녹용(건조),China,29,2276
2019,6,Export,"Export customs (FOB, NZD)",0507900002,"Antler/velvet, unworked (excl. powder)",녹각·미가공 녹용,South Korea,1200,108000
2019,6,Export,"Export customs (FOB, NZD)",0507900012,"Velvet, unworked, dried",녹용(건조),South Korea,2111,470005
2019,6,Export,"Export customs (FOB, NZD)",0507900002,"Antler/velvet, unworked (excl. powder)",녹각·미가공 녹용,Australia,2061,112217
2019,6,Export,"Export customs (FOB, NZD)",0507900012,"Velvet, unworked, dried",녹용(건조),Australia,751,52012
2019,6,Export,"Export customs (FOB, NZD)",0507900002,"Antler/velvet, unworked (excl. powder)",녹각·미가공 녹용,Taiwan,2841,54472
2019,6,Export,"Export customs (FOB, NZD)",0507900012,"Velvet, unworked, dried",녹용(건조),Taiwan,17,1411
2019,6,Export,"Export customs (FOB, NZD)",0507900012,"Velvet, unworked, dried",녹용(건조),Hong Kong,40,3341
2019,6,Export,"Export customs (FOB, NZD)",0507900011,"Velvet, unworked, frozen",생녹용(냉동),USA,100,52529
2019,6,Export,"Export customs (FOB, NZD)",0507900012,"Velvet, unworked, dried",녹용(건조),USA,897,49530
2019,6,Export,"Export customs (FOB, NZD)",0507900012,"Velvet, unworked, dried",녹용(건조),Japan,868,36936
2019,7,Export,"Export customs (FOB, NZD)",0507900012,"Velvet, unworked, dried",녹용(건조),China,139,10969
2019,7,Export,"Export customs (FOB, NZD)",0507900002,"Antler/velvet, unworked (excl. powder)",녹각·미가공 녹용,South Korea,21166,1956118
2019,7,Export,"Export customs (FOB, NZD)",0507900011,"Velvet, unworked, frozen",생녹용(냉동),South Korea,1000,90000
2019,7,Export,"Export customs (FOB, NZD)",0507900012,"Velvet, unworked, dried",녹용(건조),South Korea,716,45993
2019,7,Export,"Export customs (FOB, NZD)",0507900002,"Antler/velvet, unworked (excl. powder)",녹각·미가공 녹용,Australia,509,32031
2019,7,Export,"Export customs (FOB, NZD)",0507900012,"Velvet, unworked, dried",녹용(건조),Australia,67,3984
2019,7,Export,"Export customs (FOB, NZD)",0507900038,Powder of horns/velvet,녹용·녹각 분말,Australia,42,21022
2019,7,Export,"Export customs (FOB, NZD)",0507900012,"Velvet, unworked, dried",녹용(건조),Hong Kong,17,1183
2019,7,Export,"Export customs (FOB, NZD)",0507900012,"Velvet, unworked, dried",녹용(건조),USA,1639,86075
2019,7,Export,"Export customs (FOB, NZD)",0507900015,"Velvet, unworked, other",기타 녹용,USA,100,71361
2019,7,Export,"Export customs (FOB, NZD)",0507900012,"Velvet, unworked, dried",녹용(건조),Japan,85,4845
2019,7,Export,"Export customs (FOB, NZD)",0507900012,"Velvet, unworked, dried",녹용(건조),Canada,134,2318
2019,7,Export,"Export customs (FOB, NZD)",0507900012,"Velvet, unworked, dried",녹용(건조),Singapore,14,911
2019,8,Export,"Export customs (FOB, NZD)",0507900012,"Velvet, unworked, dried",녹용(건조),China,229,15992
2019,8,Export,"Export customs (FOB, NZD)",0507900012,"Velvet, unworked, dried",녹용(건조),South Korea,2748,688952
2019,8,Export,"Export customs (FOB, NZD)",0507900002,"Antler/velvet, unworked (excl. powder)",녹각·미가공 녹용,Australia,2739,154836
2019,8,Export,"Export customs (FOB, NZD)",0507900012,"Velvet, unworked, dried",녹용(건조),Australia,231,12553
2019,8,Export,"Export customs (FOB, NZD)",0507900012,"Velvet, unworked, dried",녹용(건조),Taiwan,37,2596
2019,8,Export,"Export customs (FOB, NZD)",0507900012,"Velvet, unworked, dried",녹용(건조),Hong Kong,8,534
2019,8,Export,"Export customs (FOB, NZD)",0507900012,"Velvet, unworked, dried",녹용(건조),USA,1159,73575
2019,8,Export,"Export customs (FOB, NZD)",0507900012,"Velvet, unworked, dried",녹용(건조),Japan,85,3537
2019,9,Export,"Export customs (FOB, NZD)",0507900012,"Velvet, unworked, dried",녹용(건조),China,305,20917
2019,9,Export,"Export customs (FOB, NZD)",0507900012,"Velvet, unworked, dried",녹용(건조),South Korea,350,26112
2019,9,Export,"Export customs (FOB, NZD)",0507900002,"Antler/velvet, unworked (excl. powder)",녹각·미가공 녹용,Australia,636,40284
2019,9,Export,"Export customs (FOB, NZD)",0507900012,"Velvet, unworked, dried",녹용(건조),Australia,470,73467
2019,9,Export,"Export customs (FOB, NZD)",0507900012,"Velvet, unworked, dried",녹용(건조),USA,297,31148
2019,9,Export,"Export customs (FOB, NZD)",0507900012,"Velvet, unworked, dried",녹용(건조),Japan,428,19355
2019,9,Export,"Export customs (FOB, NZD)",0507900012,"Velvet, unworked, dried",녹용(건조),Canada,549,29893
2019,9,Export,"Export customs (FOB, NZD)",0507900012,"Velvet, unworked, dried",녹용(건조),Singapore,63,4912
2019,10,Export,"Export customs (FOB, NZD)",0507900011,"Velvet, unworked, frozen",생녹용(냉동),China,3000,47029
2019,10,Export,"Export customs (FOB, NZD)",0507900012,"Velvet, unworked, dried",녹용(건조),China,358,39719
2019,10,Export,"Export customs (FOB, NZD)",0507900011,"Velvet, unworked, frozen",생녹용(냉동),South Korea,1000,90000
2019,10,Export,"Export customs (FOB, NZD)",0507900012,"Velvet, unworked, dried",녹용(건조),South Korea,684,46352
2019,10,Export,"Export customs (FOB, NZD)",0507900002,"Antler/velvet, unworked (excl. powder)",녹각·미가공 녹용,Australia,1280,83512
2019,10,Export,"Export customs (FOB, NZD)",0507900012,"Velvet, unworked, dried",녹용(건조),Australia,356,30513
2019,10,Export,"Export customs (FOB, NZD)",0507900011,"Velvet, unworked, frozen",생녹용(냉동),Taiwan,181,18069
2019,10,Export,"Export customs (FOB, NZD)",0507900012,"Velvet, unworked, dried",녹용(건조),Taiwan,80,7458
2019,10,Export,"Export customs (FOB, NZD)",0507900038,Powder of horns/velvet,녹용·녹각 분말,Taiwan,10,5820
2019,10,Export,"Export customs (FOB, NZD)",0507900012,"Velvet, unworked, dried",녹용(건조),Hong Kong,55,4808
2019,10,Export,"Export customs (FOB, NZD)",0507900012,"Velvet, unworked, dried",녹용(건조),USA,20,4345
2019,10,Export,"Export customs (FOB, NZD)",0507900012,"Velvet, unworked, dried",녹용(건조),Japan,349,26378
2019,10,Export,"Export customs (FOB, NZD)",0507900012,"Velvet, unworked, dried",녹용(건조),Canada,19,1632
2019,11,Export,"Export customs (FOB, NZD)",0507900002,"Antler/velvet, unworked (excl. powder)",녹각·미가공 녹용,China,6592,95677
2019,11,Export,"Export customs (FOB, NZD)",0507900011,"Velvet, unworked, frozen",생녹용(냉동),China,53443,2720621
2019,11,Export,"Export customs (FOB, NZD)",0507900012,"Velvet, unworked, dried",녹용(건조),China,6,805
2019,11,Export,"Export customs (FOB, NZD)",0507900002,"Antler/velvet, unworked (excl. powder)",녹각·미가공 녹용,South Korea,9300,975588
2019,11,Export,"Export customs (FOB, NZD)",0507900011,"Velvet, unworked, frozen",생녹용(냉동),South Korea,6201,547844
2019,11,Export,"Export customs (FOB, NZD)",0507900012,"Velvet, unworked, dried",녹용(건조),South Korea,431,28178
2019,11,Export,"Export customs (FOB, NZD)",0507900002,"Antler/velvet, unworked (excl. powder)",녹각·미가공 녹용,Australia,1274,81424
2019,11,Export,"Export customs (FOB, NZD)",0507900012,"Velvet, unworked, dried",녹용(건조),Australia,295,21493
2019,11,Export,"Export customs (FOB, NZD)",0507900011,"Velvet, unworked, frozen",생녹용(냉동),Taiwan,356,14258
2019,11,Export,"Export customs (FOB, NZD)",0507900012,"Velvet, unworked, dried",녹용(건조),Taiwan,10,5600
2019,11,Export,"Export customs (FOB, NZD)",0507900012,"Velvet, unworked, dried",녹용(건조),Hong Kong,40,2503
2019,11,Export,"Export customs (FOB, NZD)",0507900038,Powder of horns/velvet,녹용·녹각 분말,Hong Kong,45,17982
2019,11,Export,"Export customs (FOB, NZD)",0507900012,"Velvet, unworked, dried",녹용(건조),USA,503,35770
2019,11,Export,"Export customs (FOB, NZD)",0507900012,"Velvet, unworked, dried",녹용(건조),Japan,1068,152660
2019,11,Export,"Export customs (FOB, NZD)",0507900012,"Velvet, unworked, dried",녹용(건조),Canada,60,4674
2019,11,Export,"Export customs (FOB, NZD)",0507900012,"Velvet, unworked, dried",녹용(건조),Singapore,45,3472
2019,12,Export,"Export customs (FOB, NZD)",0507900002,"Antler/velvet, unworked (excl. powder)",녹각·미가공 녹용,China,16326,976996
2019,12,Export,"Export customs (FOB, NZD)",0507900011,"Velvet, unworked, frozen",생녹용(냉동),China,83823,6093673
2019,12,Export,"Export customs (FOB, NZD)",0507900012,"Velvet, unworked, dried",녹용(건조),China,145,13220
2019,12,Export,"Export customs (FOB, NZD)",0507900002,"Antler/velvet, unworked (excl. powder)",녹각·미가공 녹용,South Korea,8000,835943
2019,12,Export,"Export customs (FOB, NZD)",0507900011,"Velvet, unworked, frozen",생녹용(냉동),South Korea,8500,649129
2019,12,Export,"Export customs (FOB, NZD)",0507900012,"Velvet, unworked, dried",녹용(건조),South Korea,5,2954
2019,12,Export,"Export customs (FOB, NZD)",0507900002,"Antler/velvet, unworked (excl. powder)",녹각·미가공 녹용,Australia,1783,65527
2019,12,Export,"Export customs (FOB, NZD)",0507900012,"Velvet, unworked, dried",녹용(건조),Australia,403,29262
2019,12,Export,"Export customs (FOB, NZD)",0507900011,"Velvet, unworked, frozen",생녹용(냉동),Taiwan,2591,237064
2019,12,Export,"Export customs (FOB, NZD)",0507900011,"Velvet, unworked, frozen",생녹용(냉동),Hong Kong,816,56312
2019,12,Export,"Export customs (FOB, NZD)",0507900012,"Velvet, unworked, dried",녹용(건조),Hong Kong,45,3496
2019,12,Export,"Export customs (FOB, NZD)",0507900012,"Velvet, unworked, dried",녹용(건조),USA,161,9809
2019,12,Export,"Export customs (FOB, NZD)",0507900012,"Velvet, unworked, dried",녹용(건조),Japan,221,12365
2019,12,Export,"Export customs (FOB, NZD)",0507900012,"Velvet, unworked, dried",녹용(건조),Canada,50,3735
2020,1,Export,"Export customs (FOB, NZD)",0507900002,"Antler/velvet, unworked (excl. powder)",녹각·미가공 녹용,China,9661,1192540
2020,1,Export,"Export customs (FOB, NZD)",0507900011,"Velvet, unworked, frozen",생녹용(냉동),China,75760,5263738
2020,1,Export,"Export customs (FOB, NZD)",0507900002,"Antler/velvet, unworked (excl. powder)",녹각·미가공 녹용,South Korea,10000,992594
2020,1,Export,"Export customs (FOB, NZD)",0507900011,"Velvet, unworked, frozen",생녹용(냉동),South Korea,1631,141000
2020,1,Export,"Export customs (FOB, NZD)",0507900012,"Velvet, unworked, dried",녹용(건조),South Korea,240,70000
2020,1,Export,"Export customs (FOB, NZD)",0507900002,"Antler/velvet, unworked (excl. powder)",녹각·미가공 녹용,Australia,1295,78180
2020,1,Export,"Export customs (FOB, NZD)",0507900012,"Velvet, unworked, dried",녹용(건조),Australia,20,22200
2020,1,Export,"Export customs (FOB, NZD)",0507900012,"Velvet, unworked, dried",녹용(건조),USA,428,30755
2020,1,Export,"Export customs (FOB, NZD)",0507900012,"Velvet, unworked, dried",녹용(건조),Japan,205,10459
2020,2,Export,"Export customs (FOB, NZD)",0507900002,"Antler/velvet, unworked (excl. powder)",녹각·미가공 녹용,China,963,9625
2020,2,Export,"Export customs (FOB, NZD)",0507900011,"Velvet, unworked, frozen",생녹용(냉동),China,59473,4851832
2020,2,Export,"Export customs (FOB, NZD)",0507900002,"Antler/velvet, unworked (excl. powder)",녹각·미가공 녹용,South Korea,7223,802728
2020,2,Export,"Export customs (FOB, NZD)",0507900011,"Velvet, unworked, frozen",생녹용(냉동),South Korea,8700,892455
2020,2,Export,"Export customs (FOB, NZD)",0507900012,"Velvet, unworked, dried",녹용(건조),South Korea,6121,2479931
2020,2,Export,"Export customs (FOB, NZD)",0507900002,"Antler/velvet, unworked (excl. powder)",녹각·미가공 녹용,Australia,1518,85187
2020,2,Export,"Export customs (FOB, NZD)",0507900012,"Velvet, unworked, dried",녹용(건조),Australia,20,12908
2020,3,Export,"Export customs (FOB, NZD)",0507900002,"Antler/velvet, unworked (excl. powder)",녹각·미가공 녹용,China,18321,1746067
2020,3,Export,"Export customs (FOB, NZD)",0507900011,"Velvet, unworked, frozen",생녹용(냉동),China,80471,5826861
2020,3,Export,"Export customs (FOB, NZD)",0507900002,"Antler/velvet, unworked (excl. powder)",녹각·미가공 녹용,South Korea,12155,1329334
2020,3,Export,"Export customs (FOB, NZD)",0507900012,"Velvet, unworked, dried",녹용(건조),South Korea,2720,1208456
2020,3,Export,"Export customs (FOB, NZD)",0507900002,"Antler/velvet, unworked (excl. powder)",녹각·미가공 녹용,Australia,2663,154069
2020,3,Export,"Export customs (FOB, NZD)",0507900011,"Velvet, unworked, frozen",생녹용(냉동),Taiwan,695,86683
2020,3,Export,"Export customs (FOB, NZD)",0507900012,"Velvet, unworked, dried",녹용(건조),Taiwan,659,300000
2020,3,Export,"Export customs (FOB, NZD)",0507900012,"Velvet, unworked, dried",녹용(건조),USA,10,18630
2020,3,Export,"Export customs (FOB, NZD)",0507900015,"Velvet, unworked, other",기타 녹용,USA,92,87917
2020,3,Export,"Export customs (FOB, NZD)",0507900012,"Velvet, unworked, dried",녹용(건조),Singapore,25,15000
2020,4,Export,"Export customs (FOB, NZD)",0507900002,"Antler/velvet, unworked (excl. powder)",녹각·미가공 녹용,China,4260,511311
2020,4,Export,"Export customs (FOB, NZD)",0507900011,"Velvet, unworked, frozen",생녹용(냉동),China,33039,1838428
2020,4,Export,"Export customs (FOB, NZD)",0507900011,"Velvet, unworked, frozen",생녹용(냉동),South Korea,13000,1696697
2020,4,Export,"Export customs (FOB, NZD)",0507900012,"Velvet, unworked, dried",녹용(건조),South Korea,3210,1346129
2020,4,Export,"Export customs (FOB, NZD)",0507900002,"Antler/velvet, unworked (excl. powder)",녹각·미가공 녹용,Australia,500,25399
2020,4,Export,"Export customs (FOB, NZD)",0507900011,"Velvet, unworked, frozen",생녹용(냉동),Australia,500,26273
2020,4,Export,"Export customs (FOB, NZD)",0507900012,"Velvet, unworked, dried",녹용(건조),Taiwan,20,12000
2020,5,Export,"Export customs (FOB, NZD)",0507900002,"Antler/velvet, unworked (excl. powder)",녹각·미가공 녹용,China,10904,977823
2020,5,Export,"Export customs (FOB, NZD)",0507900011,"Velvet, unworked, frozen",생녹용(냉동),China,40941,4540579
2020,5,Export,"Export customs (FOB, NZD)",0507900002,"Antler/velvet, unworked (excl. powder)",녹각·미가공 녹용,South Korea,3610,359500
2020,5,Export,"Export customs (FOB, NZD)",0507900012,"Velvet, unworked, dried",녹용(건조),South Korea,1205,421500
2020,5,Export,"Export customs (FOB, NZD)",0507900002,"Antler/velvet, unworked (excl. powder)",녹각·미가공 녹용,Australia,2132,132248
2020,5,Export,"Export customs (FOB, NZD)",0507900011,"Velvet, unworked, frozen",생녹용(냉동),Australia,324,16147
2020,5,Export,"Export customs (FOB, NZD)",0507900002,"Antler/velvet, unworked (excl. powder)",녹각·미가공 녹용,Taiwan,712,278000
2020,6,Export,"Export customs (FOB, NZD)",0507900002,"Antler/velvet, unworked (excl. powder)",녹각·미가공 녹용,China,11455,738283
2020,6,Export,"Export customs (FOB, NZD)",0507900011,"Velvet, unworked, frozen",생녹용(냉동),China,16265,1684730
2020,6,Export,"Export customs (FOB, NZD)",0507900012,"Velvet, unworked, dried",녹용(건조),South Korea,5844,2695390
2020,6,Export,"Export customs (FOB, NZD)",0507900002,"Antler/velvet, unworked (excl. powder)",녹각·미가공 녹용,Australia,1082,68257
2020,6,Export,"Export customs (FOB, NZD)",0507900011,"Velvet, unworked, frozen",생녹용(냉동),Australia,1037,27525
2020,6,Export,"Export customs (FOB, NZD)",0507900012,"Velvet, unworked, dried",녹용(건조),USA,50,27263
2020,7,Export,"Export customs (FOB, NZD)",0507900002,"Antler/velvet, unworked (excl. powder)",녹각·미가공 녹용,China,16219,1936955
2020,7,Export,"Export customs (FOB, NZD)",0507900011,"Velvet, unworked, frozen",생녹용(냉동),China,17140,857020
2020,7,Export,"Export customs (FOB, NZD)",0507900002,"Antler/velvet, unworked (excl. powder)",녹각·미가공 녹용,South Korea,9000,1050513
2020,7,Export,"Export customs (FOB, NZD)",0507900011,"Velvet, unworked, frozen",생녹용(냉동),South Korea,2631,276160
2020,7,Export,"Export customs (FOB, NZD)",0507900012,"Velvet, unworked, dried",녹용(건조),South Korea,2571,1143701
2020,7,Export,"Export customs (FOB, NZD)",0507900011,"Velvet, unworked, frozen",생녹용(냉동),Australia,1000,53470
2020,7,Export,"Export customs (FOB, NZD)",0507900012,"Velvet, unworked, dried",녹용(건조),Australia,5,2725
2020,7,Export,"Export customs (FOB, NZD)",0507900012,"Velvet, unworked, dried",녹용(건조),Hong Kong,22,18900
2020,7,Export,"Export customs (FOB, NZD)",0507900015,"Velvet, unworked, other",기타 녹용,USA,121,106985
2020,7,Export,"Export customs (FOB, NZD)",0507900012,"Velvet, unworked, dried",녹용(건조),Japan,50,20000
2020,8,Export,"Export customs (FOB, NZD)",0507900011,"Velvet, unworked, frozen",생녹용(냉동),China,4562,166306
2020,8,Export,"Export customs (FOB, NZD)",0507900012,"Velvet, unworked, dried",녹용(건조),South Korea,645,316373
2020,8,Export,"Export customs (FOB, NZD)",0507900002,"Antler/velvet, unworked (excl. powder)",녹각·미가공 녹용,Australia,4492,264862
2020,8,Export,"Export customs (FOB, NZD)",0507900011,"Velvet, unworked, frozen",생녹용(냉동),Australia,1000,53478
2020,8,Export,"Export customs (FOB, NZD)",0507900012,"Velvet, unworked, dried",녹용(건조),Australia,50,15000
2020,8,Export,"Export customs (FOB, NZD)",0507900012,"Velvet, unworked, dried",녹용(건조),Hong Kong,17,3721
2020,8,Export,"Export customs (FOB, NZD)",0507900012,"Velvet, unworked, dried",녹용(건조),USA,50,26779
2020,9,Export,"Export customs (FOB, NZD)",0507900038,Powder of horns/velvet,녹용·녹각 분말,South Korea,10,7900
2020,9,Export,"Export customs (FOB, NZD)",0507900002,"Antler/velvet, unworked (excl. powder)",녹각·미가공 녹용,Australia,3444,202098
2020,9,Export,"Export customs (FOB, NZD)",0507900015,"Velvet, unworked, other",기타 녹용,Australia,20,22800
2020,9,Export,"Export customs (FOB, NZD)",0507900011,"Velvet, unworked, frozen",생녹용(냉동),Taiwan,1294,129359
2020,9,Export,"Export customs (FOB, NZD)",0507900012,"Velvet, unworked, dried",녹용(건조),Hong Kong,667,469743
2020,9,Export,"Export customs (FOB, NZD)",0507900015,"Velvet, unworked, other",기타 녹용,USA,310,196117
2020,10,Export,"Export customs (FOB, NZD)",0507900002,"Antler/velvet, unworked (excl. powder)",녹각·미가공 녹용,China,476,23959
2020,10,Export,"Export customs (FOB, NZD)",0507900011,"Velvet, unworked, frozen",생녹용(냉동),China,3180,160031
2020,10,Export,"Export customs (FOB, NZD)",0507900012,"Velvet, unworked, dried",녹용(건조),South Korea,1901,565000
2020,10,Export,"Export customs (FOB, NZD)",0507900002,"Antler/velvet, unworked (excl. powder)",녹각·미가공 녹용,Australia,2281,190945
2020,10,Export,"Export customs (FOB, NZD)",0507900012,"Velvet, unworked, dried",녹용(건조),Taiwan,102,42000
2020,10,Export,"Export customs (FOB, NZD)",0507900015,"Velvet, unworked, other",기타 녹용,USA,100,25573
2020,11,Export,"Export customs (FOB, NZD)",0507900002,"Antler/velvet, unworked (excl. powder)",녹각·미가공 녹용,China,4739,525383
2020,11,Export,"Export customs (FOB, NZD)",0507900011,"Velvet, unworked, frozen",생녹용(냉동),China,54238,4252514
2020,11,Export,"Export customs (FOB, NZD)",0507900002,"Antler/velvet, unworked (excl. powder)",녹각·미가공 녹용,South Korea,6000,557370
2020,11,Export,"Export customs (FOB, NZD)",0507900011,"Velvet, unworked, frozen",생녹용(냉동),South Korea,800,133200
2020,11,Export,"Export customs (FOB, NZD)",0507900002,"Antler/velvet, unworked (excl. powder)",녹각·미가공 녹용,Australia,4176,236782
2020,11,Export,"Export customs (FOB, NZD)",0507900015,"Velvet, unworked, other",기타 녹용,USA,3276,167645
2020,11,Export,"Export customs (FOB, NZD)",0507900002,"Antler/velvet, unworked (excl. powder)",녹각·미가공 녹용,Japan,75,6200
2020,12,Export,"Export customs (FOB, NZD)",0507900002,"Antler/velvet, unworked (excl. powder)",녹각·미가공 녹용,China,396,16997
2020,12,Export,"Export customs (FOB, NZD)",0507900011,"Velvet, unworked, frozen",생녹용(냉동),China,122399,10758385
2020,12,Export,"Export customs (FOB, NZD)",0507900002,"Antler/velvet, unworked (excl. powder)",녹각·미가공 녹용,South Korea,11500,1209505
2020,12,Export,"Export customs (FOB, NZD)",0507900011,"Velvet, unworked, frozen",생녹용(냉동),South Korea,14775,1760016
2020,12,Export,"Export customs (FOB, NZD)",0507900002,"Antler/velvet, unworked (excl. powder)",녹각·미가공 녹용,Australia,1003,51365
2020,12,Export,"Export customs (FOB, NZD)",0507900011,"Velvet, unworked, frozen",생녹용(냉동),Taiwan,400,29400
2020,12,Export,"Export customs (FOB, NZD)",0507900015,"Velvet, unworked, other",기타 녹용,USA,18,39788
2020,12,Export,"Export customs (FOB, NZD)",0507900012,"Velvet, unworked, dried",녹용(건조),Japan,50,20000
2021,1,Export,"Export customs (FOB, NZD)",0507900002,"Antler/velvet, unworked (excl. powder)",녹각·미가공 녹용,China,5219,557474
2021,1,Export,"Export customs (FOB, NZD)",0507900011,"Velvet, unworked, frozen",생녹용(냉동),China,100536,9452422
2021,1,Export,"Export customs (FOB, NZD)",0507900002,"Antler/velvet, unworked (excl. powder)",녹각·미가공 녹용,South Korea,6000,505311
2021,1,Export,"Export customs (FOB, NZD)",0507900011,"Velvet, unworked, frozen",생녹용(냉동),South Korea,622,182996
2021,1,Export,"Export customs (FOB, NZD)",0507900012,"Velvet, unworked, dried",녹용(건조),South Korea,1280,384107
2021,1,Export,"Export customs (FOB, NZD)",0507900002,"Antler/velvet, unworked (excl. powder)",녹각·미가공 녹용,Australia,2235,130412
2021,1,Export,"Export customs (FOB, NZD)",0507900011,"Velvet, unworked, frozen",생녹용(냉동),Hong Kong,395,24908
2021,2,Export,"Export customs (FOB, NZD)",0507900011,"Velvet, unworked, frozen",생녹용(냉동),China,12870,1446959
2021,2,Export,"Export customs (FOB, NZD)",0507900002,"Antler/velvet, unworked (excl. powder)",녹각·미가공 녹용,South Korea,10500,1077619
2021,2,Export,"Export customs (FOB, NZD)",0507900012,"Velvet, unworked, dried",녹용(건조),South Korea,1278,412642
2021,2,Export,"Export customs (FOB, NZD)",0507900002,"Antler/velvet, unworked (excl. powder)",녹각·미가공 녹용,Australia,3610,206532
2021,2,Export,"Export customs (FOB, NZD)",0507900012,"Velvet, unworked, dried",녹용(건조),Australia,8,5690
2021,2,Export,"Export customs (FOB, NZD)",0507900015,"Velvet, unworked, other",기타 녹용,USA,10,41331
2021,3,Export,"Export customs (FOB, NZD)",0507900011,"Velvet, unworked, frozen",생녹용(냉동),China,78008,6550360
2021,3,Export,"Export customs (FOB, NZD)",0507900011,"Velvet, unworked, frozen",생녹용(냉동),South Korea,5500,678072
2021,3,Export,"Export customs (FOB, NZD)",0507900012,"Velvet, unworked, dried",녹용(건조),South Korea,4168,1805238
2021,3,Export,"Export customs (FOB, NZD)",0507900002,"Antler/velvet, unworked (excl. powder)",녹각·미가공 녹용,Australia,1583,85668
2021,3,Export,"Export customs (FOB, NZD)",0507900015,"Velvet, unworked, other",기타 녹용,Australia,15,11250
2021,3,Export,"Export customs (FOB, NZD)",0507900012,"Velvet, unworked, dried",녹용(건조),Hong Kong,176,153219
2021,3,Export,"Export customs (FOB, NZD)",0507900002,"Antler/velvet, unworked (excl. powder)",녹각·미가공 녹용,USA,15,19732
2021,3,Export,"Export customs (FOB, NZD)",0507900012,"Velvet, unworked, dried",녹용(건조),USA,50,23619
2021,3,Export,"Export customs (FOB, NZD)",0507900002,"Antler/velvet, unworked (excl. powder)",녹각·미가공 녹용,Japan,90,8350
2021,4,Export,"Export customs (FOB, NZD)",0507900002,"Antler/velvet, unworked (excl. powder)",녹각·미가공 녹용,China,29346,3115582
2021,4,Export,"Export customs (FOB, NZD)",0507900011,"Velvet, unworked, frozen",생녹용(냉동),China,76718,5987445
2021,4,Export,"Export customs (FOB, NZD)",0507900002,"Antler/velvet, unworked (excl. powder)",녹각·미가공 녹용,South Korea,5000,582030
2021,4,Export,"Export customs (FOB, NZD)",0507900011,"Velvet, unworked, frozen",생녹용(냉동),South Korea,1500,135000
2021,4,Export,"Export customs (FOB, NZD)",0507900012,"Velvet, unworked, dried",녹용(건조),South Korea,1893,558948
2021,4,Export,"Export customs (FOB, NZD)",0507900038,Powder of horns/velvet,녹용·녹각 분말,South Korea,1816,777028
2021,4,Export,"Export customs (FOB, NZD)",0507900002,"Antler/velvet, unworked (excl. powder)",녹각·미가공 녹용,Australia,1039,58671
2021,4,Export,"Export customs (FOB, NZD)",0507900011,"Velvet, unworked, frozen",생녹용(냉동),Taiwan,140,17291
2021,4,Export,"Export customs (FOB, NZD)",0507900012,"Velvet, unworked, dried",녹용(건조),Japan,85,33000
2021,5,Export,"Export customs (FOB, NZD)",0507900002,"Antler/velvet, unworked (excl. powder)",녹각·미가공 녹용,China,3575,138250
2021,5,Export,"Export customs (FOB, NZD)",0507900011,"Velvet, unworked, frozen",생녹용(냉동),China,73996,6990391
2021,5,Export,"Export customs (FOB, NZD)",0507900011,"Velvet, unworked, frozen",생녹용(냉동),South Korea,7342,693095
2021,5,Export,"Export customs (FOB, NZD)",0507900012,"Velvet, unworked, dried",녹용(건조),South Korea,1796,592161
2021,5,Export,"Export customs (FOB, NZD)",0507900038,Powder of horns/velvet,녹용·녹각 분말,South Korea,1764,754720
2021,5,Export,"Export customs (FOB, NZD)",0507900002,"Antler/velvet, unworked (excl. powder)",녹각·미가공 녹용,Australia,1912,114436
2021,5,Export,"Export customs (FOB, NZD)",0507900011,"Velvet, unworked, frozen",생녹용(냉동),Taiwan,2300,254994
2021,5,Export,"Export customs (FOB, NZD)",0507900011,"Velvet, unworked, frozen",생녹용(냉동),Hong Kong,1603,50346
2021,6,Export,"Export customs (FOB, NZD)",0507900002,"Antler/velvet, unworked (excl. powder)",녹각·미가공 녹용,China,20322,1325855
2021,6,Export,"Export customs (FOB, NZD)",0507900011,"Velvet, unworked, frozen",생녹용(냉동),China,50199,3797873
2021,6,Export,"Export customs (FOB, NZD)",0507900015,"Velvet, unworked, other",기타 녹용,China,2500,96542
2021,6,Export,"Export customs (FOB, NZD)",0507900002,"Antler/velvet, unworked (excl. powder)",녹각·미가공 녹용,South Korea,5000,589614
2021,6,Export,"Export customs (FOB, NZD)",0507900011,"Velvet, unworked, frozen",생녹용(냉동),South Korea,380,44740
2021,6,Export,"Export customs (FOB, NZD)",0507900012,"Velvet, unworked, dried",녹용(건조),South Korea,1962,759511
2021,6,Export,"Export customs (FOB, NZD)",0507900002,"Antler/velvet, unworked (excl. powder)",녹각·미가공 녹용,Australia,3506,205936
2021,7,Export,"Export customs (FOB, NZD)",0507900002,"Antler/velvet, unworked (excl. powder)",녹각·미가공 녹용,China,13730,1141912
2021,7,Export,"Export customs (FOB, NZD)",0507900011,"Velvet, unworked, frozen",생녹용(냉동),China,11646,1198085
2021,7,Export,"Export customs (FOB, NZD)",0507900002,"Antler/velvet, unworked (excl. powder)",녹각·미가공 녹용,South Korea,160,65500
2021,7,Export,"Export customs (FOB, NZD)",0507900011,"Velvet, unworked, frozen",생녹용(냉동),South Korea,500,45000
2021,7,Export,"Export customs (FOB, NZD)",0507900012,"Velvet, unworked, dried",녹용(건조),South Korea,2167,1018687
2021,7,Export,"Export customs (FOB, NZD)",0507900002,"Antler/velvet, unworked (excl. powder)",녹각·미가공 녹용,Australia,985,66535
2021,7,Export,"Export customs (FOB, NZD)",0507900012,"Velvet, unworked, dried",녹용(건조),Japan,85,95000
2021,8,Export,"Export customs (FOB, NZD)",0507900011,"Velvet, unworked, frozen",생녹용(냉동),China,3540,235049
2021,8,Export,"Export customs (FOB, NZD)",0507900011,"Velvet, unworked, frozen",생녹용(냉동),South Korea,4378,435774
2021,8,Export,"Export customs (FOB, NZD)",0507900012,"Velvet, unworked, dried",녹용(건조),South Korea,1299,397729
2021,8,Export,"Export customs (FOB, NZD)",0507900002,"Antler/velvet, unworked (excl. powder)",녹각·미가공 녹용,Australia,2931,193280
2021,8,Export,"Export customs (FOB, NZD)",0507900012,"Velvet, unworked, dried",녹용(건조),USA,62,61102
2021,9,Export,"Export customs (FOB, NZD)",0507900011,"Velvet, unworked, frozen",생녹용(냉동),China,6464,383346
2021,9,Export,"Export customs (FOB, NZD)",0507900002,"Antler/velvet, unworked (excl. powder)",녹각·미가공 녹용,Australia,856,44234
2021,9,Export,"Export customs (FOB, NZD)",0507900012,"Velvet, unworked, dried",녹용(건조),Australia,23,12979
2021,9,Export,"Export customs (FOB, NZD)",0507900012,"Velvet, unworked, dried",녹용(건조),Hong Kong,90,67032
2021,9,Export,"Export customs (FOB, NZD)",0507900038,Powder of horns/velvet,녹용·녹각 분말,USA,108,49013
2021,10,Export,"Export customs (FOB, NZD)",0507900002,"Antler/velvet, unworked (excl. powder)",녹각·미가공 녹용,South Korea,17,11560
2021,10,Export,"Export customs (FOB, NZD)",0507900011,"Velvet, unworked, frozen",생녹용(냉동),South Korea,3000,286523
2021,10,Export,"Export customs (FOB, NZD)",0507900002,"Antler/velvet, unworked (excl. powder)",녹각·미가공 녹용,Australia,905,59205
2021,11,Export,"Export customs (FOB, NZD)",0507900011,"Velvet, unworked, frozen",생녹용(냉동),China,54223,4117915
2021,11,Export,"Export customs (FOB, NZD)",0507900002,"Antler/velvet, unworked (excl. powder)",녹각·미가공 녹용,South Korea,1500,270043
2021,11,Export,"Export customs (FOB, NZD)",0507900011,"Velvet, unworked, frozen",생녹용(냉동),South Korea,3000,286523
2021,11,Export,"Export customs (FOB, NZD)",0507900012,"Velvet, unworked, dried",녹용(건조),South Korea,150,48000
2021,11,Export,"Export customs (FOB, NZD)",0507900002,"Antler/velvet, unworked (excl. powder)",녹각·미가공 녹용,Australia,1470,109316
2021,11,Export,"Export customs (FOB, NZD)",0507900011,"Velvet, unworked, frozen",생녹용(냉동),Taiwan,201,24110
2021,11,Export,"Export customs (FOB, NZD)",0507900038,Powder of horns/velvet,녹용·녹각 분말,USA,5,2755
2021,12,Export,"Export customs (FOB, NZD)",0507900011,"Velvet, unworked, frozen",생녹용(냉동),China,67217,6380584
2021,12,Export,"Export customs (FOB, NZD)",0507900002,"Antler/velvet, unworked (excl. powder)",녹각·미가공 녹용,South Korea,20898,2471476
2021,12,Export,"Export customs (FOB, NZD)",0507900011,"Velvet, unworked, frozen",생녹용(냉동),South Korea,14000,1464876
2021,12,Export,"Export customs (FOB, NZD)",0507900012,"Velvet, unworked, dried",녹용(건조),South Korea,5,6000
2021,12,Export,"Export customs (FOB, NZD)",0507900002,"Antler/velvet, unworked (excl. powder)",녹각·미가공 녹용,Australia,1485,90347
2021,12,Export,"Export customs (FOB, NZD)",0507900012,"Velvet, unworked, dried",녹용(건조),Hong Kong,44,35505
2021,12,Export,"Export customs (FOB, NZD)",0507900038,Powder of horns/velvet,녹용·녹각 분말,USA,120,45347
2021,12,Export,"Export customs (FOB, NZD)",0507900012,"Velvet, unworked, dried",녹용(건조),Japan,60,25000
2022,1,Export,"Export customs (FOB, NZD)",0507900002,"Antler/velvet, unworked (excl. powder)",녹각·미가공 녹용,China,29209,3846979
2022,1,Export,"Export customs (FOB, NZD)",0507900011,"Velvet, unworked, frozen",생녹용(냉동),China,103970,11155786
2022,1,Export,"Export customs (FOB, NZD)",0507900002,"Antler/velvet, unworked (excl. powder)",녹각·미가공 녹용,South Korea,16000,1627527
2022,1,Export,"Export customs (FOB, NZD)",0507900011,"Velvet, unworked, frozen",생녹용(냉동),South Korea,13000,1331523
2022,1,Export,"Export customs (FOB, NZD)",0507900012,"Velvet, unworked, dried",녹용(건조),South Korea,1097,375649
2022,1,Export,"Export customs (FOB, NZD)",0507900002,"Antler/velvet, unworked (excl. powder)",녹각·미가공 녹용,Australia,1109,73745
2022,1,Export,"Export customs (FOB, NZD)",0507900012,"Velvet, unworked, dried",녹용(건조),Australia,7,6021
2022,1,Export,"Export customs (FOB, NZD)",0507900012,"Velvet, unworked, dried",녹용(건조),Japan,178,85000
2022,2,Export,"Export customs (FOB, NZD)",0507900011,"Velvet, unworked, frozen",생녹용(냉동),China,124048,13690625
2022,2,Export,"Export customs (FOB, NZD)",0507900011,"Velvet, unworked, frozen",생녹용(냉동),South Korea,1500,135000
2022,2,Export,"Export customs (FOB, NZD)",0507900012,"Velvet, unworked, dried",녹용(건조),South Korea,1301,425835
2022,2,Export,"Export customs (FOB, NZD)",0507900038,Powder of horns/velvet,녹용·녹각 분말,South Korea,664,195694
2022,2,Export,"Export customs (FOB, NZD)",0507900002,"Antler/velvet, unworked (excl. powder)",녹각·미가공 녹용,Australia,1111,73009
2022,2,Export,"Export customs (FOB, NZD)",0507900015,"Velvet, unworked, other",기타 녹용,Australia,25,27000
2022,3,Export,"Export customs (FOB, NZD)",0507900002,"Antler/velvet, unworked (excl. powder)",녹각·미가공 녹용,China,1329,56456
2022,3,Export,"Export customs (FOB, NZD)",0507900011,"Velvet, unworked, frozen",생녹용(냉동),China,72329,8794160
2022,3,Export,"Export customs (FOB, NZD)",0507900011,"Velvet, unworked, frozen",생녹용(냉동),South Korea,2841,1099801
2022,3,Export,"Export customs (FOB, NZD)",0507900012,"Velvet, unworked, dried",녹용(건조),South Korea,3605,1299794
2022,3,Export,"Export customs (FOB, NZD)",0507900002,"Antler/velvet, unworked (excl. powder)",녹각·미가공 녹용,Australia,2725,143862
2022,3,Export,"Export customs (FOB, NZD)",0507900002,"Antler/velvet, unworked (excl. powder)",녹각·미가공 녹용,Taiwan,7673,153450
2022,3,Export,"Export customs (FOB, NZD)",0507900011,"Velvet, unworked, frozen",생녹용(냉동),Taiwan,141,20677
2022,4,Export,"Export customs (FOB, NZD)",0507900002,"Antler/velvet, unworked (excl. powder)",녹각·미가공 녹용,China,20912,3154146
2022,4,Export,"Export customs (FOB, NZD)",0507900011,"Velvet, unworked, frozen",생녹용(냉동),China,79543,7752387
2022,4,Export,"Export customs (FOB, NZD)",0507900012,"Velvet, unworked, dried",녹용(건조),China,4257,125622
2022,4,Export,"Export customs (FOB, NZD)",0507900011,"Velvet, unworked, frozen",생녹용(냉동),South Korea,6000,586523
2022,4,Export,"Export customs (FOB, NZD)",0507900012,"Velvet, unworked, dried",녹용(건조),South Korea,5879,2300373
2022,4,Export,"Export customs (FOB, NZD)",0507900002,"Antler/velvet, unworked (excl. powder)",녹각·미가공 녹용,Australia,1141,75897
2022,4,Export,"Export customs (FOB, NZD)",0507900011,"Velvet, unworked, frozen",생녹용(냉동),Taiwan,771,102167
2022,5,Export,"Export customs (FOB, NZD)",0507900002,"Antler/velvet, unworked (excl. powder)",녹각·미가공 녹용,China,10573,1415728
2022,5,Export,"Export customs (FOB, NZD)",0507900011,"Velvet, unworked, frozen",생녹용(냉동),China,30171,3185029
2022,5,Export,"Export customs (FOB, NZD)",0507900012,"Velvet, unworked, dried",녹용(건조),China,22,11543
2022,5,Export,"Export customs (FOB, NZD)",0507900038,Powder of horns/velvet,녹용·녹각 분말,China,9,8580
2022,5,Export,"Export customs (FOB, NZD)",0507900011,"Velvet, unworked, frozen",생녹용(냉동),South Korea,1279,178078
2022,5,Export,"Export customs (FOB, NZD)",0507900012,"Velvet, unworked, dried",녹용(건조),South Korea,4903,1671026
2022,5,Export,"Export customs (FOB, NZD)",0507900002,"Antler/velvet, unworked (excl. powder)",녹각·미가공 녹용,Australia,2329,157847
2022,5,Export,"Export customs (FOB, NZD)",0507900012,"Velvet, unworked, dried",녹용(건조),Taiwan,897,492315
2022,6,Export,"Export customs (FOB, NZD)",0507900002,"Antler/velvet, unworked (excl. powder)",녹각·미가공 녹용,China,7420,355092
2022,6,Export,"Export customs (FOB, NZD)",0507900011,"Velvet, unworked, frozen",생녹용(냉동),China,32539,3051418
2022,6,Export,"Export customs (FOB, NZD)",0507900002,"Antler/velvet, unworked (excl. powder)",녹각·미가공 녹용,South Korea,4905,627779
2022,6,Export,"Export customs (FOB, NZD)",0507900011,"Velvet, unworked, frozen",생녹용(냉동),South Korea,11991,1189016
2022,6,Export,"Export customs (FOB, NZD)",0507900012,"Velvet, unworked, dried",녹용(건조),South Korea,4278,1448441
2022,6,Export,"Export customs (FOB, NZD)",0507900012,"Velvet, unworked, dried",녹용(건조),Australia,22,13600
2022,6,Export,"Export customs (FOB, NZD)",0507900011,"Velvet, unworked, frozen",생녹용(냉동),Hong Kong,1108,63254
2022,6,Export,"Export customs (FOB, NZD)",0507900012,"Velvet, unworked, dried",녹용(건조),Hong Kong,95,24738
2022,6,Export,"Export customs (FOB, NZD)",0507900015,"Velvet, unworked, other",기타 녹용,USA,237,146703
2022,7,Export,"Export customs (FOB, NZD)",0507900002,"Antler/velvet, unworked (excl. powder)",녹각·미가공 녹용,China,10663,950405
2022,7,Export,"Export customs (FOB, NZD)",0507900011,"Velvet, unworked, frozen",생녹용(냉동),China,30715,4137757
2022,7,Export,"Export customs (FOB, NZD)",0507900011,"Velvet, unworked, frozen",생녹용(냉동),South Korea,2000,181523
2022,7,Export,"Export customs (FOB, NZD)",0507900002,"Antler/velvet, unworked (excl. powder)",녹각·미가공 녹용,Australia,554,37238
2022,8,Export,"Export customs (FOB, NZD)",0507900011,"Velvet, unworked, frozen",생녹용(냉동),China,11690,360692
2022,8,Export,"Export customs (FOB, NZD)",0507900002,"Antler/velvet, unworked (excl. powder)",녹각·미가공 녹용,South Korea,2981,862618
2022,8,Export,"Export customs (FOB, NZD)",0507900012,"Velvet, unworked, dried",녹용(건조),South Korea,4181,1263587
2022,8,Export,"Export customs (FOB, NZD)",0507900002,"Antler/velvet, unworked (excl. powder)",녹각·미가공 녹용,Australia,596,41113
2022,8,Export,"Export customs (FOB, NZD)",0507900038,Powder of horns/velvet,녹용·녹각 분말,Taiwan,69,42444
2022,8,Export,"Export customs (FOB, NZD)",0507900012,"Velvet, unworked, dried",녹용(건조),USA,17,22767
2022,8,Export,"Export customs (FOB, NZD)",0507900012,"Velvet, unworked, dried",녹용(건조),Japan,372,145000
2022,9,Export,"Export customs (FOB, NZD)",0507900011,"Velvet, unworked, frozen",생녹용(냉동),China,5137,654240
2022,9,Export,"Export customs (FOB, NZD)",0507900012,"Velvet, unworked, dried",녹용(건조),South Korea,3568,1884885
2022,9,Export,"Export customs (FOB, NZD)",0507900002,"Antler/velvet, unworked (excl. powder)",녹각·미가공 녹용,Australia,1552,107319
2022,9,Export,"Export customs (FOB, NZD)",0507900012,"Velvet, unworked, dried",녹용(건조),Australia,44,37800
2022,9,Export,"Export customs (FOB, NZD)",0507900012,"Velvet, unworked, dried",녹용(건조),Taiwan,173,47403
2022,9,Export,"Export customs (FOB, NZD)",0507900012,"Velvet, unworked, dried",녹용(건조),Hong Kong,46,38815
2022,9,Export,"Export customs (FOB, NZD)",0507900038,Powder of horns/velvet,녹용·녹각 분말,USA,1,6726
2022,9,Export,"Export customs (FOB, NZD)",0507900012,"Velvet, unworked, dried",녹용(건조),Japan,350,171774
2022,10,Export,"Export customs (FOB, NZD)",0507900011,"Velvet, unworked, frozen",생녹용(냉동),South Korea,1519,144336
2022,10,Export,"Export customs (FOB, NZD)",0507900012,"Velvet, unworked, dried",녹용(건조),South Korea,2486,1259247
2022,10,Export,"Export customs (FOB, NZD)",0507900015,"Velvet, unworked, other",기타 녹용,South Korea,1000,437800
2022,10,Export,"Export customs (FOB, NZD)",0507900002,"Antler/velvet, unworked (excl. powder)",녹각·미가공 녹용,Australia,1825,125662
2022,10,Export,"Export customs (FOB, NZD)",0507900002,"Antler/velvet, unworked (excl. powder)",녹각·미가공 녹용,Taiwan,8237,213555
2022,10,Export,"Export customs (FOB, NZD)",0507900011,"Velvet, unworked, frozen",생녹용(냉동),Hong Kong,6508,863820
2022,10,Export,"Export customs (FOB, NZD)",0507900015,"Velvet, unworked, other",기타 녹용,USA,30,18334
2022,11,Export,"Export customs (FOB, NZD)",0507900011,"Velvet, unworked, frozen",생녹용(냉동),China,8570,1139710
2022,11,Export,"Export customs (FOB, NZD)",0507900011,"Velvet, unworked, frozen",생녹용(냉동),South Korea,5000,550000
2022,11,Export,"Export customs (FOB, NZD)",0507900002,"Antler/velvet, unworked (excl. powder)",녹각·미가공 녹용,Australia,793,52852
2022,11,Export,"Export customs (FOB, NZD)",0507900012,"Velvet, unworked, dried",녹용(건조),Australia,6,6105
2022,11,Export,"Export customs (FOB, NZD)",0507900002,"Antler/velvet, unworked (excl. powder)",녹각·미가공 녹용,Taiwan,4968,125658
2022,11,Export,"Export customs (FOB, NZD)",0507900012,"Velvet, unworked, dried",녹용(건조),Hong Kong,42,35406
2022,11,Export,"Export customs (FOB, NZD)",0507900012,"Velvet, unworked, dried",녹용(건조),USA,25,12500
2022,11,Export,"Export customs (FOB, NZD)",0507900012,"Velvet, unworked, dried",녹용(건조),Japan,100,40000
2022,12,Export,"Export customs (FOB, NZD)",0507900002,"Antler/velvet, unworked (excl. powder)",녹각·미가공 녹용,China,9413,1120672
2022,12,Export,"Export customs (FOB, NZD)",0507900011,"Velvet, unworked, frozen",생녹용(냉동),China,46410,4038356
2022,12,Export,"Export customs (FOB, NZD)",0507900002,"Antler/velvet, unworked (excl. powder)",녹각·미가공 녹용,South Korea,2000,172424
2022,12,Export,"Export customs (FOB, NZD)",0507900011,"Velvet, unworked, frozen",생녹용(냉동),South Korea,17720,1768891
2022,12,Export,"Export customs (FOB, NZD)",0507900011,"Velvet, unworked, frozen",생녹용(냉동),Taiwan,303,39225
2023,1,Export,"Export customs (FOB, NZD)",0507900002,"Antler/velvet, unworked (excl. powder)",녹각·미가공 녹용,China,9858,1174299
2023,1,Export,"Export customs (FOB, NZD)",0507900011,"Velvet, unworked, frozen",생녹용(냉동),China,72553,6139350
2023,1,Export,"Export customs (FOB, NZD)",0507900011,"Velvet, unworked, frozen",생녹용(냉동),South Korea,10500,1094175
2023,1,Export,"Export customs (FOB, NZD)",0507900012,"Velvet, unworked, dried",녹용(건조),South Korea,3593,1904177
2023,1,Export,"Export customs (FOB, NZD)",0507900015,"Velvet, unworked, other",기타 녹용,South Korea,1000,395208
2023,1,Export,"Export customs (FOB, NZD)",0507900002,"Antler/velvet, unworked (excl. powder)",녹각·미가공 녹용,Australia,1215,77739
2023,2,Export,"Export customs (FOB, NZD)",0507900002,"Antler/velvet, unworked (excl. powder)",녹각·미가공 녹용,China,25172,2982767
2023,2,Export,"Export customs (FOB, NZD)",0507900011,"Velvet, unworked, frozen",생녹용(냉동),China,78991,7742809
2023,2,Export,"Export customs (FOB, NZD)",0507900011,"Velvet, unworked, frozen",생녹용(냉동),South Korea,28490,2862346
2023,2,Export,"Export customs (FOB, NZD)",0507900012,"Velvet, unworked, dried",녹용(건조),South Korea,3447,1734239
2023,2,Export,"Export customs (FOB, NZD)",0507900002,"Antler/velvet, unworked (excl. powder)",녹각·미가공 녹용,Australia,1024,65986
2023,2,Export,"Export customs (FOB, NZD)",0507900012,"Velvet, unworked, dried",녹용(건조),Taiwan,120,51500
2023,2,Export,"Export customs (FOB, NZD)",0507900015,"Velvet, unworked, other",기타 녹용,Taiwan,11,1400
2023,2,Export,"Export customs (FOB, NZD)",0507900012,"Velvet, unworked, dried",녹용(건조),Hong Kong,95,82296
2023,2,Export,"Export customs (FOB, NZD)",0507900015,"Velvet, unworked, other",기타 녹용,Singapore,17,9450
2023,3,Export,"Export customs (FOB, NZD)",0507900002,"Antler/velvet, unworked (excl. powder)",녹각·미가공 녹용,China,15095,1476507
2023,3,Export,"Export customs (FOB, NZD)",0507900011,"Velvet, unworked, frozen",생녹용(냉동),China,114667,11780267
2023,3,Export,"Export customs (FOB, NZD)",0507900002,"Antler/velvet, unworked (excl. powder)",녹각·미가공 녹용,South Korea,500,42710
2023,3,Export,"Export customs (FOB, NZD)",0507900011,"Velvet, unworked, frozen",생녹용(냉동),South Korea,18000,2111000
2023,3,Export,"Export customs (FOB, NZD)",0507900012,"Velvet, unworked, dried",녹용(건조),South Korea,6090,2469498
2023,3,Export,"Export customs (FOB, NZD)",0507900002,"Antler/velvet, unworked (excl. powder)",녹각·미가공 녹용,Australia,1781,120075
2023,3,Export,"Export customs (FOB, NZD)",0507900011,"Velvet, unworked, frozen",생녹용(냉동),Taiwan,521,60116
2023,3,Export,"Export customs (FOB, NZD)",0507900012,"Velvet, unworked, dried",녹용(건조),Taiwan,1056,422000
2023,3,Export,"Export customs (FOB, NZD)",0507900012,"Velvet, unworked, dried",녹용(건조),Hong Kong,116,20568
2023,4,Export,"Export customs (FOB, NZD)",0507900002,"Antler/velvet, unworked (excl. powder)",녹각·미가공 녹용,China,11643,1426947
2023,4,Export,"Export customs (FOB, NZD)",0507900011,"Velvet, unworked, frozen",생녹용(냉동),China,129589,14302674
2023,4,Export,"Export customs (FOB, NZD)",0507900011,"Velvet, unworked, frozen",생녹용(냉동),South Korea,12775,1321452
2023,4,Export,"Export customs (FOB, NZD)",0507900012,"Velvet, unworked, dried",녹용(건조),South Korea,4128,1455732
2023,4,Export,"Export customs (FOB, NZD)",0507900015,"Velvet, unworked, other",기타 녹용,South Korea,1000,400174
2023,4,Export,"Export customs (FOB, NZD)",0507900002,"Antler/velvet, unworked (excl. powder)",녹각·미가공 녹용,Australia,1679,110548
2023,4,Export,"Export customs (FOB, NZD)",0507900011,"Velvet, unworked, frozen",생녹용(냉동),Taiwan,1545,182803
2023,4,Export,"Export customs (FOB, NZD)",0507900015,"Velvet, unworked, other",기타 녹용,Hong Kong,10,6500
2023,5,Export,"Export customs (FOB, NZD)",0507900002,"Antler/velvet, unworked (excl. powder)",녹각·미가공 녹용,China,24645,1051503
2023,5,Export,"Export customs (FOB, NZD)",0507900011,"Velvet, unworked, frozen",생녹용(냉동),China,80083,6884664
2023,5,Export,"Export customs (FOB, NZD)",0507900002,"Antler/velvet, unworked (excl. powder)",녹각·미가공 녹용,South Korea,4572,426124
2023,5,Export,"Export customs (FOB, NZD)",0507900011,"Velvet, unworked, frozen",생녹용(냉동),South Korea,3293,312330
2023,5,Export,"Export customs (FOB, NZD)",0507900012,"Velvet, unworked, dried",녹용(건조),South Korea,4810,2414617
2023,5,Export,"Export customs (FOB, NZD)",0507900038,Powder of horns/velvet,녹용·녹각 분말,South Korea,126,78438
2023,5,Export,"Export customs (FOB, NZD)",0507900002,"Antler/velvet, unworked (excl. powder)",녹각·미가공 녹용,Australia,660,43614
2023,5,Export,"Export customs (FOB, NZD)",0507900011,"Velvet, unworked, frozen",생녹용(냉동),Hong Kong,1000,53434
2023,5,Export,"Export customs (FOB, NZD)",0507900012,"Velvet, unworked, dried",녹용(건조),Japan,181,99000
2023,6,Export,"Export customs (FOB, NZD)",0507900002,"Antler/velvet, unworked (excl. powder)",녹각·미가공 녹용,China,3519,87970
2023,6,Export,"Export customs (FOB, NZD)",0507900011,"Velvet, unworked, frozen",생녹용(냉동),China,4937,92059
2023,6,Export,"Export customs (FOB, NZD)",0507900002,"Antler/velvet, unworked (excl. powder)",녹각·미가공 녹용,South Korea,5000,573885
2023,6,Export,"Export customs (FOB, NZD)",0507900011,"Velvet, unworked, frozen",생녹용(냉동),South Korea,5000,550000
2023,6,Export,"Export customs (FOB, NZD)",0507900012,"Velvet, unworked, dried",녹용(건조),South Korea,4210,1318230
2023,6,Export,"Export customs (FOB, NZD)",0507900038,Powder of horns/velvet,녹용·녹각 분말,South Korea,126,78438
2023,6,Export,"Export customs (FOB, NZD)",0507900002,"Antler/velvet, unworked (excl. powder)",녹각·미가공 녹용,Australia,1544,104288
2023,6,Export,"Export customs (FOB, NZD)",0507900012,"Velvet, unworked, dried",녹용(건조),Taiwan,349,104757
2023,7,Export,"Export customs (FOB, NZD)",0507900002,"Antler/velvet, unworked (excl. powder)",녹각·미가공 녹용,China,6253,213094
2023,7,Export,"Export customs (FOB, NZD)",0507900011,"Velvet, unworked, frozen",생녹용(냉동),China,7132,571959
2023,7,Export,"Export customs (FOB, NZD)",0507900002,"Antler/velvet, unworked (excl. powder)",녹각·미가공 녹용,South Korea,2100,181072
2023,7,Export,"Export customs (FOB, NZD)",0507900011,"Velvet, unworked, frozen",생녹용(냉동),South Korea,6362,664826
2023,7,Export,"Export customs (FOB, NZD)",0507900012,"Velvet, unworked, dried",녹용(건조),South Korea,4018,1963564
2023,7,Export,"Export customs (FOB, NZD)",0507900002,"Antler/velvet, unworked (excl. powder)",녹각·미가공 녹용,Australia,2520,174552
2023,7,Export,"Export customs (FOB, NZD)",0507900012,"Velvet, unworked, dried",녹용(건조),Australia,87,37500
2023,7,Export,"Export customs (FOB, NZD)",0507900002,"Antler/velvet, unworked (excl. powder)",녹각·미가공 녹용,USA,55,1200
2023,8,Export,"Export customs (FOB, NZD)",0507900011,"Velvet, unworked, frozen",생녹용(냉동),South Korea,500,45000
2023,8,Export,"Export customs (FOB, NZD)",0507900012,"Velvet, unworked, dried",녹용(건조),South Korea,5709,2094034
2023,8,Export,"Export customs (FOB, NZD)",0507900002,"Antler/velvet, unworked (excl. powder)",녹각·미가공 녹용,Australia,5646,366664
2023,8,Export,"Export customs (FOB, NZD)",0507900002,"Antler/velvet, unworked (excl. powder)",녹각·미가공 녹용,Taiwan,55,1100
2023,8,Export,"Export customs (FOB, NZD)",0507900015,"Velvet, unworked, other",기타 녹용,Taiwan,41,36738
2023,8,Export,"Export customs (FOB, NZD)",0507900012,"Velvet, unworked, dried",녹용(건조),Singapore,23,12600
2023,8,Export,"Export customs (FOB, NZD)",0507900038,Powder of horns/velvet,녹용·녹각 분말,Singapore,5,12600
2023,9,Export,"Export customs (FOB, NZD)",0507900011,"Velvet, unworked, frozen",생녹용(냉동),South Korea,5079,502773
2023,9,Export,"Export customs (FOB, NZD)",0507900012,"Velvet, unworked, dried",녹용(건조),South Korea,4278,1480878
2023,9,Export,"Export customs (FOB, NZD)",0507900012,"Velvet, unworked, dried",녹용(건조),USA,100,53204
2023,10,Export,"Export customs (FOB, NZD)",0507900011,"Velvet, unworked, frozen",생녹용(냉동),China,3300,297000
2023,10,Export,"Export customs (FOB, NZD)",0507900012,"Velvet, unworked, dried",녹용(건조),South Korea,1584,794585
2023,10,Export,"Export customs (FOB, NZD)",0507900038,Powder of horns/velvet,녹용·녹각 분말,South Korea,500,280000
2023,10,Export,"Export customs (FOB, NZD)",0507900002,"Antler/velvet, unworked (excl. powder)",녹각·미가공 녹용,Australia,1716,113569
2023,10,Export,"Export customs (FOB, NZD)",0507900015,"Velvet, unworked, other",기타 녹용,Australia,6,3715
2023,10,Export,"Export customs (FOB, NZD)",0507900011,"Velvet, unworked, frozen",생녹용(냉동),Taiwan,356,48176
2023,10,Export,"Export customs (FOB, NZD)",0507900012,"Velvet, unworked, dried",녹용(건조),Hong Kong,1344,326673
2023,11,Export,"Export customs (FOB, NZD)",0507900002,"Antler/velvet, unworked (excl. powder)",녹각·미가공 녹용,China,33418,3179028
2023,11,Export,"Export customs (FOB, NZD)",0507900011,"Velvet, unworked, frozen",생녹용(냉동),China,50150,4949788
2023,11,Export,"Export customs (FOB, NZD)",0507900011,"Velvet, unworked, frozen",생녹용(냉동),South Korea,300,27000
2023,11,Export,"Export customs (FOB, NZD)",0507900012,"Velvet, unworked, dried",녹용(건조),South Korea,2435,1206241
2023,11,Export,"Export customs (FOB, NZD)",0507900002,"Antler/velvet, unworked (excl. powder)",녹각·미가공 녹용,Australia,5884,379044
2023,11,Export,"Export customs (FOB, NZD)",0507900012,"Velvet, unworked, dried",녹용(건조),Hong Kong,1831,340289
2023,11,Export,"Export customs (FOB, NZD)",0507900038,Powder of horns/velvet,녹용·녹각 분말,USA,25,17347
2023,12,Export,"Export customs (FOB, NZD)",0507900002,"Antler/velvet, unworked (excl. powder)",녹각·미가공 녹용,China,81156,6987787
2023,12,Export,"Export customs (FOB, NZD)",0507900011,"Velvet, unworked, frozen",생녹용(냉동),China,170454,17091361
2023,12,Export,"Export customs (FOB, NZD)",0507900002,"Antler/velvet, unworked (excl. powder)",녹각·미가공 녹용,South Korea,5000,494881
2023,12,Export,"Export customs (FOB, NZD)",0507900011,"Velvet, unworked, frozen",생녹용(냉동),South Korea,5321,532110
2024,1,Export,"Export customs (FOB, NZD)",0507900002,"Antler/velvet, unworked (excl. powder)",녹각·미가공 녹용,China,11068,991721
2024,1,Export,"Export customs (FOB, NZD)",0507900011,"Velvet, unworked, frozen",생녹용(냉동),China,73033,7477114
2024,1,Export,"Export customs (FOB, NZD)",0507900011,"Velvet, unworked, frozen",생녹용(냉동),South Korea,1000,121000
2024,1,Export,"Export customs (FOB, NZD)",0507900012,"Velvet, unworked, dried",녹용(건조),South Korea,5640,2814432
2024,1,Export,"Export customs (FOB, NZD)",0507900012,"Velvet, unworked, dried",녹용(건조),Hong Kong,908,52272
2024,1,Export,"Export customs (FOB, NZD)",0507900038,Powder of horns/velvet,녹용·녹각 분말,Israel,10,29630
2024,2,Export,"Export customs (FOB, NZD)",0507900002,"Antler/velvet, unworked (excl. powder)",녹각·미가공 녹용,China,48216,4992868
2024,2,Export,"Export customs (FOB, NZD)",0507900011,"Velvet, unworked, frozen",생녹용(냉동),China,194263,21190340
2024,2,Export,"Export customs (FOB, NZD)",0507900002,"Antler/velvet, unworked (excl. powder)",녹각·미가공 녹용,South Korea,10000,995574
2024,2,Export,"Export customs (FOB, NZD)",0507900011,"Velvet, unworked, frozen",생녹용(냉동),South Korea,13000,1264447
2024,2,Export,"Export customs (FOB, NZD)",0507900012,"Velvet, unworked, dried",녹용(건조),South Korea,1185,512701
2024,2,Export,"Export customs (FOB, NZD)",0507900002,"Antler/velvet, unworked (excl. powder)",녹각·미가공 녹용,Australia,3072,212868
2024,2,Export,"Export customs (FOB, NZD)",0507900012,"Velvet, unworked, dried",녹용(건조),Australia,22,13000
2024,2,Export,"Export customs (FOB, NZD)",0507900002,"Antler/velvet, unworked (excl. powder)",녹각·미가공 녹용,Taiwan,40,39540
2024,2,Export,"Export customs (FOB, NZD)",0507900015,"Velvet, unworked, other",기타 녹용,USA,200,160217
2024,2,Export,"Export customs (FOB, NZD)",0507900012,"Velvet, unworked, dried",녹용(건조),Japan,433,233000
2024,3,Export,"Export customs (FOB, NZD)",0507900002,"Antler/velvet, unworked (excl. powder)",녹각·미가공 녹용,China,32135,2437401
2024,3,Export,"Export customs (FOB, NZD)",0507900011,"Velvet, unworked, frozen",생녹용(냉동),China,165970,14402665
2024,3,Export,"Export customs (FOB, NZD)",0507900011,"Velvet, unworked, frozen",생녹용(냉동),South Korea,2000,180000
2024,3,Export,"Export customs (FOB, NZD)",0507900012,"Velvet, unworked, dried",녹용(건조),South Korea,2073,324500
2024,3,Export,"Export customs (FOB, NZD)",0507900002,"Antler/velvet, unworked (excl. powder)",녹각·미가공 녹용,Australia,1001,61095
2024,3,Export,"Export customs (FOB, NZD)",0507900011,"Velvet, unworked, frozen",생녹용(냉동),Taiwan,853,119433
2024,3,Export,"Export customs (FOB, NZD)",0507900012,"Velvet, unworked, dried",녹용(건조),Taiwan,600,374000
2024,3,Export,"Export customs (FOB, NZD)",0507900002,"Antler/velvet, unworked (excl. powder)",녹각·미가공 녹용,Hong Kong,416,16838
2024,3,Export,"Export customs (FOB, NZD)",0507900012,"Velvet, unworked, dried",녹용(건조),Hong Kong,2015,200989
2024,4,Export,"Export customs (FOB, NZD)",0507900002,"Antler/velvet, unworked (excl. powder)",녹각·미가공 녹용,China,1335,26705
2024,4,Export,"Export customs (FOB, NZD)",0507900011,"Velvet, unworked, frozen",생녹용(냉동),China,11238,1042473
2024,4,Export,"Export customs (FOB, NZD)",0507900011,"Velvet, unworked, frozen",생녹용(냉동),South Korea,9096,879805
2024,4,Export,"Export customs (FOB, NZD)",0507900012,"Velvet, unworked, dried",녹용(건조),South Korea,997,378061
2024,4,Export,"Export customs (FOB, NZD)",0507900038,Powder of horns/velvet,녹용·녹각 분말,South Korea,33,4050
2024,4,Export,"Export customs (FOB, NZD)",0507900011,"Velvet, unworked, frozen",생녹용(냉동),Taiwan,330,44601
2024,4,Export,"Export customs (FOB, NZD)",0507900012,"Velvet, unworked, dried",녹용(건조),Hong Kong,1121,162210
2024,4,Export,"Export customs (FOB, NZD)",0507900012,"Velvet, unworked, dried",녹용(건조),Japan,101,39000
2024,4,Export,"Export customs (FOB, NZD)",0507900012,"Velvet, unworked, dried",녹용(건조),Canada,250,21901
2024,5,Export,"Export customs (FOB, NZD)",0507900002,"Antler/velvet, unworked (excl. powder)",녹각·미가공 녹용,China,2886,86571
2024,5,Export,"Export customs (FOB, NZD)",0507900011,"Velvet, unworked, frozen",생녹용(냉동),South Korea,4723,424484
2024,5,Export,"Export customs (FOB, NZD)",0507900012,"Velvet, unworked, dried",녹용(건조),South Korea,1972,831707
2024,5,Export,"Export customs (FOB, NZD)",0507900002,"Antler/velvet, unworked (excl. powder)",녹각·미가공 녹용,Australia,2469,171257
2024,5,Export,"Export customs (FOB, NZD)",0507900012,"Velvet, unworked, dried",녹용(건조),Taiwan,172,13095
2024,5,Export,"Export customs (FOB, NZD)",0507900012,"Velvet, unworked, dried",녹용(건조),Hong Kong,1198,180983
2024,6,Export,"Export customs (FOB, NZD)",0507900011,"Velvet, unworked, frozen",생녹용(냉동),China,5535,262979
2024,6,Export,"Export customs (FOB, NZD)",0507900038,Powder of horns/velvet,녹용·녹각 분말,South Korea,51,6818
2024,6,Export,"Export customs (FOB, NZD)",0507900002,"Antler/velvet, unworked (excl. powder)",녹각·미가공 녹용,Australia,7513,493746
2024,6,Export,"Export customs (FOB, NZD)",0507900015,"Velvet, unworked, other",기타 녹용,Australia,8,7500
2024,7,Export,"Export customs (FOB, NZD)",0507900011,"Velvet, unworked, frozen",생녹용(냉동),South Korea,530,45700
2024,7,Export,"Export customs (FOB, NZD)",0507900038,Powder of horns/velvet,녹용·녹각 분말,South Korea,2890,1400000
2024,7,Export,"Export customs (FOB, NZD)",0507900012,"Velvet, unworked, dried",녹용(건조),Australia,50,21750
2024,7,Export,"Export customs (FOB, NZD)",0507900011,"Velvet, unworked, frozen",생녹용(냉동),Taiwan,440,61635
2024,7,Export,"Export customs (FOB, NZD)",0507900012,"Velvet, unworked, dried",녹용(건조),Hong Kong,3116,297700
2024,7,Export,"Export customs (FOB, NZD)",0507900015,"Velvet, unworked, other",기타 녹용,USA,280,203266
2024,8,Export,"Export customs (FOB, NZD)",0507900011,"Velvet, unworked, frozen",생녹용(냉동),South Korea,3002,295218
2024,8,Export,"Export customs (FOB, NZD)",0507900002,"Antler/velvet, unworked (excl. powder)",녹각·미가공 녹용,Australia,324,23553
2024,8,Export,"Export customs (FOB, NZD)",0507900012,"Velvet, unworked, dried",녹용(건조),Taiwan,5,2900
2024,9,Export,"Export customs (FOB, NZD)",0507900012,"Velvet, unworked, dried",녹용(건조),Hong Kong,1204,69651
2024,10,Export,"Export customs (FOB, NZD)",0507900012,"Velvet, unworked, dried",녹용(건조),South Korea,1000,392000
2024,10,Export,"Export customs (FOB, NZD)",0507900012,"Velvet, unworked, dried",녹용(건조),Hong Kong,1496,181256
2024,10,Export,"Export customs (FOB, NZD)",0507900038,Powder of horns/velvet,녹용·녹각 분말,USA,20,10000
2024,11,Export,"Export customs (FOB, NZD)",0507900002,"Antler/velvet, unworked (excl. powder)",녹각·미가공 녹용,South Korea,6625,593745
2024,11,Export,"Export customs (FOB, NZD)",0507900011,"Velvet, unworked, frozen",생녹용(냉동),South Korea,5440,440519
2024,11,Export,"Export customs (FOB, NZD)",0507900002,"Antler/velvet, unworked (excl. powder)",녹각·미가공 녹용,Australia,2211,153793
2024,11,Export,"Export customs (FOB, NZD)",0507900012,"Velvet, unworked, dried",녹용(건조),Hong Kong,1338,127898
2024,11,Export,"Export customs (FOB, NZD)",0507900002,"Antler/velvet, unworked (excl. powder)",녹각·미가공 녹용,USA,100,43481
2024,11,Export,"Export customs (FOB, NZD)",0507900012,"Velvet, unworked, dried",녹용(건조),Japan,221,118100
2024,12,Export,"Export customs (FOB, NZD)",0507900002,"Antler/velvet, unworked (excl. powder)",녹각·미가공 녹용,China,16245,520890
2024,12,Export,"Export customs (FOB, NZD)",0507900011,"Velvet, unworked, frozen",생녹용(냉동),China,138258,11082574
2024,12,Export,"Export customs (FOB, NZD)",0507900002,"Antler/velvet, unworked (excl. powder)",녹각·미가공 녹용,South Korea,500,38500
2024,12,Export,"Export customs (FOB, NZD)",0507900011,"Velvet, unworked, frozen",생녹용(냉동),South Korea,19941,1618960
2024,12,Export,"Export customs (FOB, NZD)",0507900002,"Antler/velvet, unworked (excl. powder)",녹각·미가공 녹용,Australia,2188,153667
2024,12,Export,"Export customs (FOB, NZD)",0507900012,"Velvet, unworked, dried",녹용(건조),Australia,25,17330
2024,12,Export,"Export customs (FOB, NZD)",0507900012,"Velvet, unworked, dried",녹용(건조),Hong Kong,3391,487990
2025,1,Export,"Export customs (FOB, NZD)",0507900011,"Velvet, unworked, frozen",생녹용(냉동),China,29257,2314606
2025,1,Export,"Export customs (FOB, NZD)",0507900011,"Velvet, unworked, frozen",생녹용(냉동),South Korea,6026,641073
2025,1,Export,"Export customs (FOB, NZD)",0507900011,"Velvet, unworked, frozen",생녹용(냉동),Hong Kong,187,68318
2025,1,Export,"Export customs (FOB, NZD)",0507900012,"Velvet, unworked, dried",녹용(건조),Hong Kong,35,35341
2025,2,Export,"Export customs (FOB, NZD)",0507900002,"Antler/velvet, unworked (excl. powder)",녹각·미가공 녹용,China,2201,66068
2025,2,Export,"Export customs (FOB, NZD)",0507900011,"Velvet, unworked, frozen",생녹용(냉동),China,194109,16211186
2025,2,Export,"Export customs (FOB, NZD)",0507900011,"Velvet, unworked, frozen",생녹용(냉동),South Korea,33174,2817673
2025,2,Export,"Export customs (FOB, NZD)",0507900012,"Velvet, unworked, dried",녹용(건조),South Korea,323,116902
2025,2,Export,"Export customs (FOB, NZD)",0507900038,Powder of horns/velvet,녹용·녹각 분말,South Korea,131,81563
2025,2,Export,"Export customs (FOB, NZD)",0507900002,"Antler/velvet, unworked (excl. powder)",녹각·미가공 녹용,Australia,5353,347945
2025,2,Export,"Export customs (FOB, NZD)",0507900002,"Antler/velvet, unworked (excl. powder)",녹각·미가공 녹용,Taiwan,2854,71939
2025,2,Export,"Export customs (FOB, NZD)",0507900011,"Velvet, unworked, frozen",생녹용(냉동),Taiwan,536,49975
2025,2,Export,"Export customs (FOB, NZD)",0507900012,"Velvet, unworked, dried",녹용(건조),Taiwan,600,236249
2025,2,Export,"Export customs (FOB, NZD)",0507900012,"Velvet, unworked, dried",녹용(건조),USA,70,42000
2025,2,Export,"Export customs (FOB, NZD)",0507900012,"Velvet, unworked, dried",녹용(건조),Singapore,40,26800
2025,2,Export,"Export customs (FOB, NZD)",0507900038,Powder of horns/velvet,녹용·녹각 분말,Jordan,159,20807
2025,3,Export,"Export customs (FOB, NZD)",0507900002,"Antler/velvet, unworked (excl. powder)",녹각·미가공 녹용,China,928,35875
2025,3,Export,"Export customs (FOB, NZD)",0507900011,"Velvet, unworked, frozen",생녹용(냉동),China,197825,17011478
2025,3,Export,"Export customs (FOB, NZD)",0507900011,"Velvet, unworked, frozen",생녹용(냉동),South Korea,6565,463024
2025,3,Export,"Export customs (FOB, NZD)",0507900012,"Velvet, unworked, dried",녹용(건조),South Korea,1454,368050
2025,3,Export,"Export customs (FOB, NZD)",0507900011,"Velvet, unworked, frozen",생녹용(냉동),Taiwan,286,28562
2025,3,Export,"Export customs (FOB, NZD)",0507900012,"Velvet, unworked, dried",녹용(건조),Taiwan,317,125100
2025,3,Export,"Export customs (FOB, NZD)",0507900012,"Velvet, unworked, dried",녹용(건조),Japan,100,39000
2025,4,Export,"Export customs (FOB, NZD)",0507900002,"Antler/velvet, unworked (excl. powder)",녹각·미가공 녹용,China,1696,101675
2025,4,Export,"Export customs (FOB, NZD)",0507900011,"Velvet, unworked, frozen",생녹용(냉동),China,163758,14836277
2025,4,Export,"Export customs (FOB, NZD)",0507900012,"Velvet, unworked, dried",녹용(건조),China,132,31105
2025,4,Export,"Export customs (FOB, NZD)",0507900011,"Velvet, unworked, frozen",생녹용(냉동),South Korea,8196,602033
2025,4,Export,"Export customs (FOB, NZD)",0507900012,"Velvet, unworked, dried",녹용(건조),South Korea,1024,420614
2025,4,Export,"Export customs (FOB, NZD)",0507900002,"Antler/velvet, unworked (excl. powder)",녹각·미가공 녹용,Australia,1109,75351
2025,4,Export,"Export customs (FOB, NZD)",0507900011,"Velvet, unworked, frozen",생녹용(냉동),Taiwan,450,47250
2025,4,Export,"Export customs (FOB, NZD)",0507900012,"Velvet, unworked, dried",녹용(건조),Taiwan,137,27454
2025,4,Export,"Export customs (FOB, NZD)",0507900012,"Velvet, unworked, dried",녹용(건조),Hong Kong,1794,194500
2025,5,Export,"Export customs (FOB, NZD)",0507900002,"Antler/velvet, unworked (excl. powder)",녹각·미가공 녹용,China,643,27979
2025,5,Export,"Export customs (FOB, NZD)",0507900011,"Velvet, unworked, frozen",생녹용(냉동),China,99309,7845316
2025,5,Export,"Export customs (FOB, NZD)",0507900011,"Velvet, unworked, frozen",생녹용(냉동),South Korea,1400,115367
2025,5,Export,"Export customs (FOB, NZD)",0507900002,"Antler/velvet, unworked (excl. powder)",녹각·미가공 녹용,Australia,3733,252063
2025,5,Export,"Export customs (FOB, NZD)",0507900011,"Velvet, unworked, frozen",생녹용(냉동),Taiwan,349,34923
2025,5,Export,"Export customs (FOB, NZD)",0507900012,"Velvet, unworked, dried",녹용(건조),Taiwan,78,15522
2025,5,Export,"Export customs (FOB, NZD)",0507900038,Powder of horns/velvet,녹용·녹각 분말,Hong Kong,77,21186
2025,5,Export,"Export customs (FOB, NZD)",0507900012,"Velvet, unworked, dried",녹용(건조),Israel,20,36000
2025,6,Export,"Export customs (FOB, NZD)",0507900002,"Antler/velvet, unworked (excl. powder)",녹각·미가공 녹용,China,4825,240950
2025,6,Export,"Export customs (FOB, NZD)",0507900011,"Velvet, unworked, frozen",생녹용(냉동),China,79449,6662950
2025,6,Export,"Export customs (FOB, NZD)",0507900011,"Velvet, unworked, frozen",생녹용(냉동),South Korea,6994,671263
2025,6,Export,"Export customs (FOB, NZD)",0507900012,"Velvet, unworked, dried",녹용(건조),Hong Kong,12,12338
2025,7,Export,"Export customs (FOB, NZD)",0507900002,"Antler/velvet, unworked (excl. powder)",녹각·미가공 녹용,China,5272,215758
2025,7,Export,"Export customs (FOB, NZD)",0507900038,Powder of horns/velvet,녹용·녹각 분말,South Korea,108,13500
2025,7,Export,"Export customs (FOB, NZD)",0507900012,"Velvet, unworked, dried",녹용(건조),Japan,40,15600
2025,8,Export,"Export customs (FOB, NZD)",0507900002,"Antler/velvet, unworked (excl. powder)",녹각·미가공 녹용,China,2628,78846
2025,8,Export,"Export customs (FOB, NZD)",0507900012,"Velvet, unworked, dried",녹용(건조),South Korea,1864,686809
2025,8,Export,"Export customs (FOB, NZD)",0507900002,"Antler/velvet, unworked (excl. powder)",녹각·미가공 녹용,Australia,2008,139647
2025,9,Export,"Export customs (FOB, NZD)",0507900002,"Antler/velvet, unworked (excl. powder)",녹각·미가공 녹용,China,5127,267677
2025,9,Export,"Export customs (FOB, NZD)",0507900011,"Velvet, unworked, frozen",생녹용(냉동),South Korea,3204,252071
2025,9,Export,"Export customs (FOB, NZD)",0507900012,"Velvet, unworked, dried",녹용(건조),South Korea,3647,1316594
2025,9,Export,"Export customs (FOB, NZD)",0507900002,"Antler/velvet, unworked (excl. powder)",녹각·미가공 녹용,Australia,1916,122026
2025,9,Export,"Export customs (FOB, NZD)",0507900012,"Velvet, unworked, dried",녹용(건조),Taiwan,18,7044
2025,9,Export,"Export customs (FOB, NZD)",0507900015,"Velvet, unworked, other",기타 녹용,USA,24,19539
2025,10,Export,"Export customs (FOB, NZD)",0507900002,"Antler/velvet, unworked (excl. powder)",녹각·미가공 녹용,China,6912,228310
2025,10,Export,"Export customs (FOB, NZD)",0507900011,"Velvet, unworked, frozen",생녹용(냉동),China,1620,36282
2025,10,Export,"Export customs (FOB, NZD)",0507900038,Powder of horns/velvet,녹용·녹각 분말,South Korea,150,93750
2025,10,Export,"Export customs (FOB, NZD)",0507900002,"Antler/velvet, unworked (excl. powder)",녹각·미가공 녹용,Australia,2991,207944
2025,10,Export,"Export customs (FOB, NZD)",0507900015,"Velvet, unworked, other",기타 녹용,USA,250,170519
2025,11,Export,"Export customs (FOB, NZD)",0507900002,"Antler/velvet, unworked (excl. powder)",녹각·미가공 녹용,China,7819,228041
2025,11,Export,"Export customs (FOB, NZD)",0507900011,"Velvet, unworked, frozen",생녹용(냉동),China,19942,1149878
2025,11,Export,"Export customs (FOB, NZD)",0507900011,"Velvet, unworked, frozen",생녹용(냉동),South Korea,500,28360
2025,11,Export,"Export customs (FOB, NZD)",0507900002,"Antler/velvet, unworked (excl. powder)",녹각·미가공 녹용,Australia,2327,167128
2025,11,Export,"Export customs (FOB, NZD)",0507900011,"Velvet, unworked, frozen",생녹용(냉동),Taiwan,355,39103
2025,11,Export,"Export customs (FOB, NZD)",0507900012,"Velvet, unworked, dried",녹용(건조),Hong Kong,1438,172256
2025,11,Export,"Export customs (FOB, NZD)",0507900038,Powder of horns/velvet,녹용·녹각 분말,Hong Kong,475,143003
2025,12,Export,"Export customs (FOB, NZD)",0507900002,"Antler/velvet, unworked (excl. powder)",녹각·미가공 녹용,China,14844,493759
2025,12,Export,"Export customs (FOB, NZD)",0507900011,"Velvet, unworked, frozen",생녹용(냉동),China,113815,7359872
2025,12,Export,"Export customs (FOB, NZD)",0507900011,"Velvet, unworked, frozen",생녹용(냉동),South Korea,10994,898814
2026,1,Export,"Export customs (FOB, NZD)",0507900011,"Velvet, unworked, frozen",생녹용(냉동),China,154383,10132831
2026,1,Export,"Export customs (FOB, NZD)",0507900011,"Velvet, unworked, frozen",생녹용(냉동),South Korea,3021,268745
2026,1,Export,"Export customs (FOB, NZD)",0507900002,"Antler/velvet, unworked (excl. powder)",녹각·미가공 녹용,Australia,1536,112174
2026,2,Export,"Export customs (FOB, NZD)",0507900011,"Velvet, unworked, frozen",생녹용(냉동),China,122563,7916781
2026,2,Export,"Export customs (FOB, NZD)",0507900002,"Antler/velvet, unworked (excl. powder)",녹각·미가공 녹용,South Korea,7703,549420
2026,2,Export,"Export customs (FOB, NZD)",0507900011,"Velvet, unworked, frozen",생녹용(냉동),South Korea,5028,462793
2026,2,Export,"Export customs (FOB, NZD)",0507900038,Powder of horns/velvet,녹용·녹각 분말,South Korea,10,5100
2026,2,Export,"Export customs (FOB, NZD)",0507900011,"Velvet, unworked, frozen",생녹용(냉동),Taiwan,400,42000
2026,2,Export,"Export customs (FOB, NZD)",0507900012,"Velvet, unworked, dried",녹용(건조),Hong Kong,35,33008
2026,2,Export,"Export customs (FOB, NZD)",0507900012,"Velvet, unworked, dried",녹용(건조),Japan,201,110000
2026,3,Export,"Export customs (FOB, NZD)",0507900002,"Antler/velvet, unworked (excl. powder)",녹각·미가공 녹용,China,3810,117302
2026,3,Export,"Export customs (FOB, NZD)",0507900011,"Velvet, unworked, frozen",생녹용(냉동),China,168050,13029041
2026,3,Export,"Export customs (FOB, NZD)",0507900002,"Antler/velvet, unworked (excl. powder)",녹각·미가공 녹용,South Korea,5000,394915
2026,3,Export,"Export customs (FOB, NZD)",0507900011,"Velvet, unworked, frozen",생녹용(냉동),South Korea,5500,486535
2026,3,Export,"Export customs (FOB, NZD)",0507900012,"Velvet, unworked, dried",녹용(건조),South Korea,924,214251
2026,3,Export,"Export customs (FOB, NZD)",0507900011,"Velvet, unworked, frozen",생녹용(냉동),Taiwan,526,55241
2026,4,Export,"Export customs (FOB, NZD)",0507900002,"Antler/velvet, unworked (excl. powder)",녹각·미가공 녹용,China,1610,126210
2026,4,Export,"Export customs (FOB, NZD)",0507900011,"Velvet, unworked, frozen",생녹용(냉동),China,107400,8581861
2026,4,Export,"Export customs (FOB, NZD)",0507900011,"Velvet, unworked, frozen",생녹용(냉동),South Korea,3082,178756
2026,4,Export,"Export customs (FOB, NZD)",0507900012,"Velvet, unworked, dried",녹용(건조),South Korea,770,227868
2026,4,Export,"Export customs (FOB, NZD)",0507900002,"Antler/velvet, unworked (excl. powder)",녹각·미가공 녹용,Australia,1000,59242
2026,4,Export,"Export customs (FOB, NZD)",0507900038,Powder of horns/velvet,녹용·녹각 분말,Hong Kong,121,24395
2026,4,Export,"Export customs (FOB, NZD)",0507900002,"Antler/velvet, unworked (excl. powder)",녹각·미가공 녹용,USA,216,3502
2026,5,Export,"Export customs (FOB, NZD)",0507900002,"Antler/velvet, unworked (excl. powder)",녹각·미가공 녹용,China,5695,322433
2026,5,Export,"Export customs (FOB, NZD)",0507900011,"Velvet, unworked, frozen",생녹용(냉동),China,186293,13590847
2026,5,Export,"Export customs (FOB, NZD)",0507900011,"Velvet, unworked, frozen",생녹용(냉동),South Korea,3051,268500
2026,5,Export,"Export customs (FOB, NZD)",0507900012,"Velvet, unworked, dried",녹용(건조),South Korea,968,285745
2026,5,Export,"Export customs (FOB, NZD)",0507900002,"Antler/velvet, unworked (excl. powder)",녹각·미가공 녹용,Australia,2351,176952
2026,5,Export,"Export customs (FOB, NZD)",0507900012,"Velvet, unworked, dried",녹용(건조),Hong Kong,2076,220067
2026,5,Export,"Export customs (FOB, NZD)",0507900002,"Antler/velvet, unworked (excl. powder)",녹각·미가공 녹용,USA,23,7500
2026,6,Export,"Export customs (FOB, NZD)",0507900002,"Antler/velvet, unworked (excl. powder)",녹각·미가공 녹용,China,26384,1262056
2026,6,Export,"Export customs (FOB, NZD)",0507900011,"Velvet, unworked, frozen",생녹용(냉동),China,19138,1319426
2026,6,Export,"Export customs (FOB, NZD)",0507900011,"Velvet, unworked, frozen",생녹용(냉동),South Korea,7171,911887
2026,6,Export,"Export customs (FOB, NZD)",0507900012,"Velvet, unworked, dried",녹용(건조),South Korea,991,369080
2026,6,Export,"Export customs (FOB, NZD)",0507900011,"Velvet, unworked, frozen",생녹용(냉동),Taiwan,229,27538
2026,6,Export,"Export customs (FOB, NZD)",0507900012,"Velvet, unworked, dried",녹용(건조),Hong Kong,135,31197
