Year,Month,Trade,Product,Product_KR,Country,Cases,Quantity_kg
2019,1,Import,Dried deer velvet,녹용,China,11,6509.6
2019,1,Import,Dried deer velvet,녹용,Hong Kong,1,353
2019,1,Import,Dried deer velvet,녹용,New Zealand,3,2819.49
2019,1,Import,Dried deer velvet,녹용,Russia,2,1338
2019,1,Import,Frozen deer velvet,생녹용,New Zealand,2,7649.46
2019,2,Import,Dried deer velvet,녹용,China,2,4150
2019,2,Import,Dried deer velvet,녹용,Hong Kong,5,3528.6
2019,2,Import,Dried deer velvet,녹용,New Zealand,3,4578
2019,2,Import,Frozen deer velvet,생녹용,New Zealand,3,14807.02
2019,3,Export,Deer velvet extract,녹용추출물,USA,2,3141.8
2019,3,Import,Dried deer velvet,녹용,China,7,7550.34
2019,3,Import,Dried deer velvet,녹용,Hong Kong,1,400
2019,3,Import,Dried deer velvet,녹용,New Zealand,5,6774.43
2019,3,Import,Frozen deer velvet,생녹용,New Zealand,6,24581.28
2019,4,Export,Deer velvet extract,녹용추출물,USA,1,3286
2019,4,Import,Dried deer velvet,녹용,China,5,3178.3
2019,4,Import,Dried deer velvet,녹용,Hong Kong,4,2026
2019,4,Import,Dried deer velvet,녹용,New Zealand,5,5595.34
2019,4,Import,Dried deer velvet,녹용,Russia,2,3017.16
2019,4,Import,Frozen deer velvet,생녹용,New Zealand,2,4985.86
2019,5,Export,Deer velvet extract,녹용추출물,USA,1,3348
2019,5,Import,Dried deer velvet,녹용,China,12,13226
2019,5,Import,Dried deer velvet,녹용,Hong Kong,2,1074.4
2019,5,Import,Dried deer velvet,녹용,New Zealand,3,3111.18
2019,5,Import,Frozen deer velvet,생녹용,New Zealand,1,767.75
2019,6,Export,Deer velvet extract,녹용추출물,USA,1,3472
2019,6,Import,Dried deer velvet,녹용,China,3,1860
2019,6,Import,Dried deer velvet,녹용,Hong Kong,1,300
2019,6,Import,Dried deer velvet,녹용,New Zealand,3,2560.46
2019,6,Import,Dried deer velvet,녹용,Russia,5,3278.75
2019,6,Import,Dried deer velvet,녹용,Singapore,1,500
2019,6,Import,Frozen deer velvet,생녹용,New Zealand,1,1200
2019,7,Export,Deer velvet extract,녹용추출물,USA,1,3720
2019,7,Import,Dried deer velvet,녹용,China,9,13463.1
2019,7,Import,Dried deer velvet,녹용,Hong Kong,2,2862
2019,7,Import,Dried deer velvet,녹용,New Zealand,1,1433.5
2019,7,Import,Dried deer velvet,녹용,Russia,1,441
2019,7,Import,Frozen deer velvet,생녹용,New Zealand,2,9500
2019,8,Import,Dried deer velvet,녹용,China,3,2680
2019,8,Import,Dried deer velvet,녹용,Hong Kong,2,1030
2019,8,Import,Dried deer velvet,녹용,New Zealand,3,3537.51
2019,8,Import,Dried deer velvet,녹용,Russia,2,520
2019,8,Import,Frozen deer velvet,생녹용,New Zealand,2,11990
2019,9,Import,Dried deer velvet,녹용,China,6,4573.57
2019,9,Import,Dried deer velvet,녹용,Hong Kong,1,621
2019,9,Import,Dried deer velvet,녹용,New Zealand,2,5155.03
2019,9,Import,Dried deer velvet,녹용,Russia,1,234
2019,10,Import,Dried deer velvet,녹용,China,6,4956
2019,10,Import,Dried deer velvet,녹용,Hong Kong,2,1405
2019,10,Import,Dried deer velvet,녹용,Kazakhstan,1,140
2019,10,Import,Dried deer velvet,녹용,New Zealand,1,1155.6
2019,10,Import,Dried deer velvet,녹용,Russia,18,17911.41
2019,10,Import,Frozen deer velvet,생녹용,New Zealand,1,1000
2019,11,Import,Dried deer velvet,녹용,China,5,2826.6
2019,11,Import,Dried deer velvet,녹용,Hong Kong,3,3826
2019,11,Import,Dried deer velvet,녹용,Kazakhstan,2,396
2019,11,Import,Dried deer velvet,녹용,New Zealand,2,1300
2019,11,Import,Dried deer velvet,녹용,Russia,7,9844.03
2019,11,Import,Frozen deer velvet,생녹용,New Zealand,3,7300
2019,12,Export,Deer velvet extract,녹용추출물,USA,2,3410
2019,12,Import,Dried deer velvet,녹용,China,1,700
2019,12,Import,Dried deer velvet,녹용,Hong Kong,1,400
2019,12,Import,Dried deer velvet,녹용,Kazakhstan,1,165
2019,12,Import,Dried deer velvet,녹용,New Zealand,3,6000
2019,12,Import,Dried deer velvet,녹용,Russia,10,9851.65
2019,12,Import,Frozen deer velvet,생녹용,New Zealand,5,15331.6
2020,1,Import,Dried deer velvet,녹용,China,8,7620
2020,1,Import,Dried deer velvet,녹용,Hong Kong,3,2996.2
2020,1,Import,Dried deer velvet,녹용,Kazakhstan,1,667
2020,1,Import,Dried deer velvet,녹용,New Zealand,2,290.1
2020,1,Import,Dried deer velvet,녹용,Russia,2,2262.8
2020,1,Import,Frozen deer velvet,생녹용,New Zealand,3,6630
2020,2,Export,Deer velvet extract,녹용추출물,USA,1,3098.4
2020,2,Import,Dried deer velvet,녹용,China,6,3823
2020,2,Import,Dried deer velvet,녹용,Hong Kong,1,400
2020,2,Import,Dried deer velvet,녹용,New Zealand,5,6919.98
2020,2,Import,Dried deer velvet,녹용,Russia,1,608.1
2020,2,Import,Frozen deer velvet,생녹용,New Zealand,5,15200
2020,3,Export,Deer velvet extract,녹용추출물,USA,1,1478.8
2020,3,Import,Dried deer velvet,녹용,China,5,3970
2020,3,Import,Dried deer velvet,녹용,Hong Kong,2,860
2020,3,Import,Dried deer velvet,녹용,New Zealand,2,2720
2020,3,Import,Dried deer velvet,녹용,Russia,1,336
2020,3,Import,Frozen deer velvet,생녹용,New Zealand,2,9223
2020,4,Export,Deer velvet extract,녹용추출물,USA,1,3410
2020,4,Import,Dried deer velvet,녹용,China,7,7688
2020,4,Import,Dried deer velvet,녹용,Hong Kong,2,2085
2020,4,Import,Frozen deer velvet,생녹용,New Zealand,2,12086.05
2020,5,Export,Deer velvet extract,녹용추출물,USA,1,247.5
2020,5,Import,Dried deer velvet,녹용,China,5,3829
2020,5,Import,Dried deer velvet,녹용,Hong Kong,1,360
2020,5,Import,Dried deer velvet,녹용,New Zealand,5,7824.41
2020,5,Import,Dried deer velvet,녹용,Russia,3,1775.71
2020,5,Import,Frozen deer velvet,생녹용,New Zealand,1,3610
2020,6,Export,Deer velvet extract,녹용추출물,USA,1,247.5
2020,6,Import,Dried deer velvet,녹용,China,10,8451.62
2020,6,Import,Dried deer velvet,녹용,New Zealand,5,5844.956
2020,6,Import,Dried deer velvet,녹용,Russia,2,2114.3
2020,6,Import,Frozen deer velvet,생녹용,New Zealand,2,6321.5
2020,7,Export,Deer velvet extract,녹용추출물,USA,1,4092
2020,7,Import,Dried deer velvet,녹용,China,7,6165
2020,7,Import,Dried deer velvet,녹용,Hong Kong,1,410
2020,7,Import,Dried deer velvet,녹용,New Zealand,3,4256.85
2020,7,Import,Dried deer velvet,녹용,Russia,3,1158
2020,7,Import,Frozen deer velvet,생녹용,New Zealand,3,8906.82
2020,8,Import,Dried deer velvet,녹용,China,9,5536.7
2020,8,Import,Dried deer velvet,녹용,Hong Kong,1,400
2020,8,Import,Dried deer velvet,녹용,New Zealand,4,3988.41
2020,8,Import,Dried deer velvet,녹용,Russia,1,300.1
2020,8,Import,Frozen deer velvet,생녹용,New Zealand,1,4000
2020,9,Export,Deer velvet extract,녹용추출물,USA,1,4774
2020,9,Import,Dried deer velvet,녹용,China,5,5250
2020,9,Import,Dried deer velvet,녹용,Hong Kong,2,689.5
2020,9,Import,Dried deer velvet,녹용,Kazakhstan,2,732.7
2020,9,Import,Dried deer velvet,녹용,Russia,3,1693.9
2020,10,Export,Deer velvet extract,녹용추출물,USA,1,425.25
2020,10,Import,Dried deer velvet,녹용,China,12,7279
2020,10,Import,Dried deer velvet,녹용,Hong Kong,1,1340
2020,10,Import,Dried deer velvet,녹용,Kazakhstan,2,762.75
2020,10,Import,Dried deer velvet,녹용,Russia,17,18701.98
2020,11,Export,Dried deer velvet,녹용,Hong Kong,1,1540.4
2020,11,Export,Deer velvet extract,녹용추출물,USA,2,11321
2020,11,Import,Dried deer velvet,녹용,China,6,6025
2020,11,Import,Dried deer velvet,녹용,Hong Kong,2,750
2020,11,Import,Dried deer velvet,녹용,New Zealand,4,3750.7
2020,11,Import,Dried deer velvet,녹용,Russia,14,16630.86
2020,12,Export,Deer velvet extract,녹용추출물,USA,1,94.5
2020,12,Import,Dried deer velvet,녹용,China,9,12017.99
2020,12,Import,Dried deer velvet,녹용,Hong Kong,2,3410
2020,12,Import,Dried deer velvet,녹용,Kazakhstan,1,191
2020,12,Import,Dried deer velvet,녹용,New Zealand,2,2030.54
2020,12,Import,Dried deer velvet,녹용,Russia,11,8459.7
2020,12,Import,Frozen deer velvet,생녹용,New Zealand,3,11500
2021,1,Import,Dried deer velvet,녹용,China,12,7215
2021,1,Import,Dried deer velvet,녹용,New Zealand,4,1910.17
2021,1,Import,Dried deer velvet,녹용,Russia,1,479
2021,1,Import,Frozen deer velvet,생녹용,New Zealand,5,23775
2021,2,Import,Dried deer velvet,녹용,China,4,2346.36
2021,2,Import,Dried deer velvet,녹용,Hong Kong,1,400
2021,2,Import,Dried deer velvet,녹용,New Zealand,1,1278.38
2021,2,Import,Dried deer velvet,녹용,Russia,2,2179.75
2021,2,Import,Frozen deer velvet,생녹용,New Zealand,2,6300
2021,3,Export,Deer velvet extract,녹용추출물,Australia,1,576
2021,3,Import,Dried deer velvet,녹용,China,9,7977
2021,3,Import,Dried deer velvet,녹용,Hong Kong,1,2800
2021,3,Import,Dried deer velvet,녹용,New Zealand,5,4667.63
2021,3,Import,Dried deer velvet,녹용,Russia,1,981
2021,4,Export,Deer velvet extract,녹용추출물,USA,2,702.75
2021,4,Import,Dried deer velvet,녹용,China,4,5300
2021,4,Import,Dried deer velvet,녹용,Hong Kong,1,400
2021,4,Import,Dried deer velvet,녹용,New Zealand,2,2408.74
2021,4,Import,Dried deer velvet,녹용,Russia,1,313
2021,4,Import,Frozen deer velvet,생녹용,New Zealand,4,15700
2021,5,Export,Deer velvet extract,녹용추출물,Australia,1,682
2021,5,Export,Deer velvet extract,녹용추출물,USA,2,4638.5
2021,5,Import,Dried deer velvet,녹용,China,9,8900
2021,5,Import,Dried deer velvet,녹용,Hong Kong,2,1785.8
2021,5,Import,Dried deer velvet,녹용,New Zealand,4,4557.59
2021,5,Import,Dried deer velvet,녹용,Russia,2,1068
2021,5,Import,Frozen deer velvet,생녹용,New Zealand,2,5500
2021,6,Export,Deer velvet extract,녹용추출물,USA,2,120
2021,6,Import,Dried deer velvet,녹용,Hong Kong,1,400
2021,6,Import,Dried deer velvet,녹용,New Zealand,3,3735.66
2021,6,Import,Frozen deer velvet,생녹용,New Zealand,2,7222.14
2021,7,Export,Deer velvet extract,녹용추출물,Australia,1,180
2021,7,Import,Dried deer velvet,녹용,China,3,2050
2021,7,Import,Dried deer velvet,녹용,New Zealand,2,1938.22
2021,7,Import,Dried deer velvet,녹용,Russia,1,111.25
2021,7,Import,Frozen deer velvet,생녹용,New Zealand,2,5500
2021,8,Export,Deer velvet extract,녹용추출물,Australia,1,192
2021,8,Export,Deer velvet extract,녹용추출물,USA,1,3410
2021,8,Import,Dried deer velvet,녹용,China,6,10141.9
2021,8,Import,Dried deer velvet,녹용,Hong Kong,2,800
2021,8,Import,Dried deer velvet,녹용,New Zealand,2,3466.04
2021,8,Import,Dried deer velvet,녹용,Russia,1,711.75
2021,9,Export,Dried deer velvet,녹용,China,1,10
2021,9,Export,Deer velvet extract,녹용추출물,Australia,1,180
2021,9,Export,Deer velvet extract,녹용추출물,USA,2,1281
2021,9,Import,Dried deer velvet,녹용,China,5,6330
2021,9,Import,Dried deer velvet,녹용,Hong Kong,2,2350
2021,9,Import,Dried deer velvet,녹용,Kazakhstan,3,1288
2021,9,Import,Dried deer velvet,녹용,Russia,3,1829
2021,10,Export,Dried deer velvet,녹용,Hong Kong,1,1772.06
2021,10,Export,Deer velvet extract,녹용추출물,USA,5,13383.25
2021,10,Import,Dried deer velvet,녹용,China,6,5008.89
2021,10,Import,Dried deer velvet,녹용,Hong Kong,3,9097
2021,10,Import,Dried deer velvet,녹용,Kazakhstan,1,140
2021,10,Import,Dried deer velvet,녹용,New Zealand,1,1.5
2021,10,Import,Dried deer velvet,녹용,Russia,14,24864.6
2021,10,Import,Frozen deer velvet,생녹용,New Zealand,2,7377
2021,11,Export,Dried deer velvet,녹용,Hong Kong,1,2003.64
2021,11,Export,Deer velvet extract,녹용추출물,USA,1,36
2021,11,Import,Dried deer velvet,녹용,China,6,8377.425
2021,11,Import,Dried deer velvet,녹용,Hong Kong,3,1638.875
2021,11,Import,Dried deer velvet,녹용,New Zealand,2,160
2021,11,Import,Dried deer velvet,녹용,Russia,13,17976.79
2021,11,Import,Frozen deer velvet,생녹용,New Zealand,2,4500
2021,12,Export,Deer velvet extract,녹용추출물,USA,1,270
2021,12,Import,Dried deer velvet,녹용,China,8,8839.25
2021,12,Import,Dried deer velvet,녹용,Hong Kong,3,2700
2021,12,Import,Dried deer velvet,녹용,Russia,5,5466.05
2021,12,Import,Frozen deer velvet,생녹용,New Zealand,4,16000
2022,1,Export,Deer velvet extract,녹용추출물,Australia,1,460
2022,1,Export,Deer velvet extract,녹용추출물,USA,2,829
2022,1,Import,Dried deer velvet,녹용,China,4,5600
2022,1,Import,Dried deer velvet,녹용,Russia,1,1171.44
2022,1,Import,Frozen deer velvet,생녹용,New Zealand,9,33397.5
2022,2,Export,Deer velvet extract,녹용추출물,USA,3,2341.4
2022,2,Import,Dried deer velvet,녹용,China,4,4548.6
2022,2,Import,Dried deer velvet,녹용,Hong Kong,2,3400
2022,2,Import,Dried deer velvet,녹용,New Zealand,4,4561.89
2022,2,Import,Dried deer velvet,녹용,Russia,1,60
2022,2,Import,Frozen deer velvet,생녹용,New Zealand,4,26000
2022,3,Export,Deer velvet extract,녹용추출물,USA,2,6941.8
2022,3,Import,Dried deer velvet,녹용,China,2,1080.258
2022,3,Import,Dried deer velvet,녹용,Hong Kong,6,12223.1
2022,3,Import,Dried deer velvet,녹용,New Zealand,3,5305.64
2022,3,Import,Dried deer velvet,녹용,Russia,1,775
2022,3,Import,Frozen deer velvet,생녹용,New Zealand,3,2670.61
2022,4,Export,Dried deer velvet,녹용,Vietnam,1,220
2022,4,Export,Deer velvet extract,녹용추출물,USA,2,3412.8
2022,4,Import,Dried deer velvet,녹용,China,6,9020
2022,4,Import,Dried deer velvet,녹용,Hong Kong,2,2430
2022,4,Import,Dried deer velvet,녹용,New Zealand,6,5928.71
2022,4,Import,Frozen deer velvet,생녹용,New Zealand,1,1000
2022,5,Export,Deer velvet extract,녹용추출물,USA,3,6597.375
2022,5,Import,Dried deer velvet,녹용,China,7,6053.175
2022,5,Import,Dried deer velvet,녹용,Hong Kong,2,1131.5
2022,5,Import,Dried deer velvet,녹용,New Zealand,2,3094.24
2022,5,Import,Dried deer velvet,녹용,Russia,1,344
2022,5,Import,Frozen deer velvet,생녹용,New Zealand,4,12278.85
2022,6,Export,Deer velvet extract,녹용추출물,USA,1,2.25
2022,6,Import,Dried deer velvet,녹용,China,6,3210
2022,6,Import,Dried deer velvet,녹용,Hong Kong,1,400
2022,6,Import,Dried deer velvet,녹용,Kazakhstan,1,356
2022,6,Import,Dried deer velvet,녹용,New Zealand,3,6086.5
2022,6,Import,Dried deer velvet,녹용,Russia,1,170
2022,6,Import,Frozen deer velvet,생녹용,New Zealand,1,1500
2022,7,Export,Deer velvet extract,녹용추출물,Australia,1,276
2022,7,Export,Deer velvet extract,녹용추출물,USA,2,1226.25
2022,7,Import,Dried deer velvet,녹용,China,7,13500
2022,7,Import,Dried deer velvet,녹용,Hong Kong,2,3050
2022,7,Import,Frozen deer velvet,생녹용,New Zealand,5,17195.15
2022,8,Export,Deer velvet extract,녹용추출물,USA,4,15550.5
2022,8,Import,Dried deer velvet,녹용,China,6,6096
2022,8,Import,Dried deer velvet,녹용,Hong Kong,1,400
2022,8,Import,Dried deer velvet,녹용,New Zealand,4,5659.79
2022,8,Import,Dried deer velvet,녹용,Russia,2,1264
2022,8,Import,Frozen deer velvet,생녹용,New Zealand,1,1502.35
2022,9,Export,Deer velvet extract,녹용추출물,USA,3,1699.5
2022,9,Import,Dried deer velvet,녹용,China,3,4780
2022,9,Import,Dried deer velvet,녹용,Hong Kong,1,400
2022,9,Import,Dried deer velvet,녹용,Kazakhstan,3,1170.1
2022,9,Import,Dried deer velvet,녹용,New Zealand,3,3578.49
2022,9,Import,Dried deer velvet,녹용,Russia,1,2007
2022,9,Import,Frozen deer velvet,생녹용,New Zealand,1,800
2022,10,Import,Dried deer velvet,녹용,China,7,14334.3
2022,10,Import,Dried deer velvet,녹용,New Zealand,3,3485.93
2022,10,Import,Dried deer velvet,녹용,Russia,16,21482.23
2022,10,Import,Frozen deer velvet,생녹용,New Zealand,1,1519.33
2022,11,Import,Dried deer velvet,녹용,China,6,11862.5
2022,11,Import,Dried deer velvet,녹용,Kazakhstan,2,570.7
2022,11,Import,Dried deer velvet,녹용,New Zealand,1,1750
2022,11,Import,Dried deer velvet,녹용,Russia,5,11937.34
2022,11,Import,Frozen deer velvet,생녹용,New Zealand,1,5000
2022,12,Export,Deer velvet extract,녹용추출물,USA,2,6272.3
2022,12,Import,Dried deer velvet,녹용,China,9,9467
2022,12,Import,Dried deer velvet,녹용,Hong Kong,1,400
2022,12,Import,Dried deer velvet,녹용,Russia,3,4678.09
2022,12,Import,Frozen deer velvet,생녹용,New Zealand,8,13720
2023,1,Export,Deer velvet extract,녹용추출물,USA,1,12.8
2023,1,Import,Dried deer velvet,녹용,China,4,5310
2023,1,Import,Dried deer velvet,녹용,Hong Kong,2,682
2023,1,Import,Dried deer velvet,녹용,Kazakhstan,1,184
2023,1,Import,Dried deer velvet,녹용,New Zealand,3,4560.71
2023,1,Import,Dried deer velvet,녹용,Russia,2,2200.41
2023,1,Import,Frozen deer velvet,생녹용,New Zealand,2,2500
2023,2,Export,Deer velvet extract,녹용추출물,USA,1,252
2023,2,Import,Dried deer velvet,녹용,China,4,4148
2023,2,Import,Dried deer velvet,녹용,Hong Kong,1,878
2023,2,Import,Dried deer velvet,녹용,New Zealand,2,3446.81
2023,2,Import,Dried deer velvet,녹용,Russia,1,334.3
2023,2,Import,Frozen deer velvet,생녹용,New Zealand,6,19490
2023,3,Export,Deer velvet extract,녹용추출물,USA,3,1052
2023,3,Import,Dried deer velvet,녹용,China,2,4289
2023,3,Import,Dried deer velvet,녹용,New Zealand,4,6089.76
2023,3,Import,Dried deer velvet,녹용,Russia,1,967.2
2023,3,Import,Frozen deer velvet,생녹용,New Zealand,9,28500
2023,4,Export,Deer velvet extract,녹용추출물,USA,1,170
2023,4,Import,Dried deer velvet,녹용,China,9,9121
2023,4,Import,Dried deer velvet,녹용,Hong Kong,1,2800
2023,4,Import,Dried deer velvet,녹용,New Zealand,3,5128.29
2023,4,Import,Dried deer velvet,녹용,Russia,4,3603.25
2023,4,Import,Frozen deer velvet,생녹용,New Zealand,4,20000
2023,5,Export,Deer velvet extract,녹용추출물,USA,1,12.8
2023,5,Import,Dried deer velvet,녹용,China,5,5400
2023,5,Import,Dried deer velvet,녹용,Hong Kong,2,2960
2023,5,Import,Dried deer velvet,녹용,New Zealand,2,4810.19
2023,5,Import,Frozen deer velvet,생녹용,New Zealand,3,11067.88
2023,6,Export,Deer velvet extract,녹용추출물,USA,2,753
2023,6,Import,Dried deer velvet,녹용,China,5,6690
2023,6,Import,Dried deer velvet,녹용,Hong Kong,2,900
2023,6,Import,Dried deer velvet,녹용,New Zealand,3,5268.2
2023,6,Import,Frozen deer velvet,생녹용,New Zealand,1,4572.14
2023,7,Import,Dried deer velvet,녹용,China,10,15790.1
2023,7,Import,Dried deer velvet,녹용,Hong Kong,1,296
2023,7,Import,Dried deer velvet,녹용,New Zealand,3,2411.9
2023,7,Import,Frozen deer velvet,생녹용,New Zealand,7,18462.05
2023,8,Export,Deer velvet extract,녹용추출물,USA,4,3555.9
2023,8,Import,Dried deer velvet,녹용,China,1,480
2023,8,Import,Dried deer velvet,녹용,New Zealand,4,7314.96
2023,8,Import,Dried deer velvet,녹용,Russia,1,830.79
2023,8,Import,Frozen deer velvet,생녹용,New Zealand,1,500
2023,9,Export,Deer velvet extract,녹용추출물,USA,3,774.255
2023,9,Import,Dried deer velvet,녹용,China,3,2763
2023,9,Import,Dried deer velvet,녹용,Kazakhstan,1,160
2023,9,Import,Dried deer velvet,녹용,New Zealand,2,4278.02
2023,9,Import,Dried deer velvet,녹용,Russia,2,1352
2023,10,Export,Deer velvet extract,녹용추출물,USA,2,3332.03
2023,10,Import,Dried deer velvet,녹용,China,6,8900
2023,10,Import,Dried deer velvet,녹용,Kazakhstan,1,488
2023,10,Import,Dried deer velvet,녹용,New Zealand,1,1584.1
2023,10,Import,Dried deer velvet,녹용,Russia,4,2500.25
2023,10,Import,Frozen deer velvet,생녹용,New Zealand,1,5079
2023,11,Export,Dried deer velvet,녹용,USA,1,529
2023,11,Export,Deer velvet extract,녹용추출물,USA,1,25.65
2023,11,Import,Dried deer velvet,녹용,China,4,5361
2023,11,Import,Dried deer velvet,녹용,Hong Kong,3,4080
2023,11,Import,Dried deer velvet,녹용,New Zealand,2,2935.37
2023,11,Import,Dried deer velvet,녹용,Russia,7,6488.69
2023,11,Import,Frozen deer velvet,생녹용,New Zealand,1,300
2023,12,Export,Deer velvet extract,녹용추출물,USA,2,1174.4
2023,12,Import,Dried deer velvet,녹용,China,3,5990.7
2023,12,Import,Dried deer velvet,녹용,Kazakhstan,1,262.8
2023,12,Import,Dried deer velvet,녹용,Russia,7,10831.7
2023,12,Import,Frozen deer velvet,생녹용,New Zealand,3,5821.1
2024,1,Export,Deer velvet extract,녹용추출물,USA,2,3103.38
2024,1,Import,Dried deer velvet,녹용,China,9,8400
2024,1,Import,Dried deer velvet,녹용,Hong Kong,1,86
2024,1,Import,Dried deer velvet,녹용,New Zealand,3,6140.15
2024,1,Import,Dried deer velvet,녹용,Russia,6,6754.9
2024,1,Import,Frozen deer velvet,생녹용,New Zealand,3,7000.95
2024,2,Export,Deer velvet extract,녹용추출물,USA,2,1463.4
2024,2,Import,Dried deer velvet,녹용,China,5,7800
2024,2,Import,Dried deer velvet,녹용,New Zealand,1,1185.21
2024,2,Import,Dried deer velvet,녹용,Russia,2,1390.21
2024,2,Import,Frozen deer velvet,생녹용,China,1,400
2024,2,Import,Frozen deer velvet,생녹용,New Zealand,8,15000.18
2024,3,Import,Dried deer velvet,녹용,China,4,5500
2024,3,Import,Dried deer velvet,녹용,New Zealand,1,553.38
2024,3,Import,Dried deer velvet,녹용,Russia,1,1177.84
2024,3,Import,Frozen deer velvet,생녹용,New Zealand,4,19520
2024,4,Export,Deer velvet extract,녹용추출물,USA,2,556.1
2024,4,Import,Dried deer velvet,녹용,China,5,9400
2024,4,Import,Dried deer velvet,녹용,Russia,7,4854.43
2024,5,Export,Deer velvet extract,녹용추출물,USA,2,2242.8
2024,5,Import,Dried deer velvet,녹용,China,5,8451.25
2024,5,Import,Dried deer velvet,녹용,New Zealand,3,2969.17
2024,5,Import,Dried deer velvet,녹용,Russia,6,8625.02
2024,5,Import,Frozen deer velvet,생녹용,New Zealand,5,11096.1
2024,6,Export,Deer velvet extract,녹용추출물,Australia,1,40
2024,6,Export,Deer velvet extract,녹용추출물,USA,1,230
2024,6,Import,Dried deer velvet,녹용,China,6,9551
2024,6,Import,Dried deer velvet,녹용,Russia,2,1128.8
2024,6,Import,Frozen deer velvet,생녹용,New Zealand,1,2723
2024,7,Export,Deer velvet extract,녹용추출물,USA,3,3508.5
2024,7,Import,Dried deer velvet,녹용,China,7,7982.575
2024,7,Import,Dried deer velvet,녹용,Hong Kong,1,3000
2024,7,Import,Dried deer velvet,녹용,New Zealand,1,2500
2024,7,Import,Frozen deer velvet,생녹용,New Zealand,1,530
2024,8,Export,Deer velvet extract,녹용추출물,USA,2,204.25
2024,8,Import,Dried deer velvet,녹용,China,1,3000
2024,8,Import,Frozen deer velvet,생녹용,New Zealand,2,3002.18
2024,9,Export,Deer velvet extract,녹용추출물,USA,4,1357.5
2024,9,Import,Dried deer velvet,녹용,China,2,1400
2024,9,Import,Dried deer velvet,녹용,Hong Kong,1,1260
2024,9,Import,Dried deer velvet,녹용,Russia,1,576
2024,10,Export,Deer velvet extract,녹용추출물,Australia,1,114
2024,10,Export,Deer velvet extract,녹용추출물,USA,2,2500.1
2024,10,Import,Dried deer velvet,녹용,China,1,3500
2024,10,Import,Dried deer velvet,녹용,Kazakhstan,2,413
2024,10,Import,Dried deer velvet,녹용,New Zealand,1,1000
2024,10,Import,Dried deer velvet,녹용,Russia,3,2500.57
2024,11,Export,Deer velvet extract,녹용추출물,USA,2,116
2024,11,Import,Dried deer velvet,녹용,China,14,20255
2024,11,Import,Dried deer velvet,녹용,New Zealand,1,2439.7
2024,11,Import,Dried deer velvet,녹용,Russia,1,2164.38
2024,11,Import,Frozen deer velvet,생녹용,New Zealand,1,3000
2024,12,Export,Deer velvet extract,녹용추출물,USA,1,3602.2
2024,12,Import,Dried deer velvet,녹용,China,5,4150
2024,12,Import,Dried deer velvet,녹용,Russia,12,10687.67
2024,12,Import,Frozen deer velvet,생녹용,New Zealand,6,15065.94
2025,1,Export,Deer velvet extract,녹용추출물,USA,1,420
2025,1,Import,Dried deer velvet,녹용,China,1,3500
2025,1,Import,Dried deer velvet,녹용,Hong Kong,1,1598.6
2025,1,Import,Dried deer velvet,녹용,Russia,5,3350.68
2025,1,Import,Frozen deer velvet,생녹용,New Zealand,5,18026.04
2025,2,Export,Deer velvet extract,녹용추출물,Australia,1,114
2025,2,Import,Dried deer velvet,녹용,China,2,7095
2025,2,Import,Dried deer velvet,녹용,New Zealand,1,322.9
2025,2,Import,Dried deer velvet,녹용,Russia,7,5214.75
2025,2,Import,Frozen deer velvet,생녹용,New Zealand,3,5818.78
2025,3,Export,Deer velvet extract,녹용추출물,USA,2,4605.7
2025,3,Import,Dried deer velvet,녹용,China,5,5210
2025,3,Import,Dried deer velvet,녹용,Hong Kong,1,400
2025,3,Import,Dried deer velvet,녹용,New Zealand,1,954.46
2025,3,Import,Dried deer velvet,녹용,Russia,7,9555.62
2025,3,Import,Frozen deer velvet,생녹용,New Zealand,9,31412.08
2025,4,Export,Deer velvet extract,녹용추출물,USA,2,855.75
2025,4,Import,Dried deer velvet,녹용,China,5,5760
2025,4,Import,Dried deer velvet,녹용,Hong Kong,1,400
2025,4,Import,Dried deer velvet,녹용,New Zealand,1,1024.37
2025,4,Import,Dried deer velvet,녹용,Russia,3,3385.44
2025,4,Import,Frozen deer velvet,생녹용,New Zealand,4,12629.22
2025,5,Import,Dried deer velvet,녹용,China,2,4660
2025,5,Import,Dried deer velvet,녹용,New Zealand,1,500
2025,5,Import,Dried deer velvet,녹용,Russia,1,1702
2025,5,Import,Frozen deer velvet,생녹용,New Zealand,3,6774.75
2025,6,Export,Deer velvet extract,녹용추출물,USA,4,9572
2025,6,Import,Dried deer velvet,녹용,China,5,4700
2025,6,Import,Dried deer velvet,녹용,Russia,2,2010
2025,6,Import,Frozen deer velvet,생녹용,New Zealand,2,2293.58
2025,7,Export,Deer velvet extract,녹용추출물,USA,1,525
2025,7,Import,Dried deer velvet,녹용,China,5,6160
2025,7,Import,Dried deer velvet,녹용,Russia,1,373.5
2025,7,Import,Frozen deer velvet,생녹용,New Zealand,1,5000
2025,8,Import,Dried deer velvet,녹용,China,7,14311
2025,8,Import,Dried deer velvet,녹용,New Zealand,1,937.73
2025,8,Import,Dried deer velvet,녹용,Russia,2,806
2025,9,Export,Deer velvet extract,녹용추출물,USA,1,661.5
2025,9,Import,Dried deer velvet,녹용,China,5,14760
2025,9,Import,Dried deer velvet,녹용,Hong Kong,1,500
2025,9,Import,Dried deer velvet,녹용,New Zealand,2,4573.3
2025,9,Import,Frozen deer velvet,생녹용,China,1,700
2025,9,Import,Deer velvet extract,녹용추출물,New Zealand,1,222.96
2025,10,Export,Deer velvet extract,녹용추출물,USA,2,1165.5
2025,10,Import,Dried deer velvet,녹용,China,4,6044
2025,10,Import,Dried deer velvet,녹용,Hong Kong,1,400
2025,10,Import,Dried deer velvet,녹용,Kazakhstan,1,125
2025,10,Import,Dried deer velvet,녹용,Russia,2,2796.53
2025,10,Import,Frozen deer velvet,생녹용,New Zealand,1,3203.9
2025,11,Import,Dried deer velvet,녹용,China,8,4023
2025,11,Import,Dried deer velvet,녹용,New Zealand,1,500
2025,11,Import,Dried deer velvet,녹용,Russia,3,4139.42
2025,12,Import,Dried deer velvet,녹용,China,8,14170
2025,12,Import,Dried deer velvet,녹용,Hong Kong,1,400
2025,12,Import,Dried deer velvet,녹용,Kazakhstan,1,933
2025,12,Import,Dried deer velvet,녹용,Russia,4,3106.57
2025,12,Import,Frozen deer velvet,생녹용,China,1,650
2025,12,Import,Frozen deer velvet,생녹용,New Zealand,4,9066.78
2026,1,Import,Dried deer velvet,녹용,Australia,2.0,0.3
2026,1,Import,Dried deer velvet,녹용,China,5.0,1870.5
2026,1,Import,Dried deer velvet,녹용,Hong Kong,1.0,500.0
2026,1,Import,Dried deer velvet,녹용,Mongolia,1.0,0.3
2026,1,Import,Dried deer velvet,녹용,New Zealand,14.0,2.2
2026,1,Import,Dried deer velvet,녹용,Russia,1.0,1350.0
2026,1,Import,Frozen deer velvet,생녹용,New Zealand,2.0,4000.0
2026,2,Import,Dried deer velvet,녹용,Australia,4.0,0.5
2026,2,Import,Dried deer velvet,녹용,China,3.0,5161.2
2026,2,Import,Dried deer velvet,녹용,New Zealand,10.0,1.1
2026,2,Import,Dried deer velvet,녹용,Russia,3.0,3755.6
2026,2,Import,Frozen deer velvet,생녹용,New Zealand,3.0,9279.0
2026,3,Export,Dried deer velvet,녹용,Hong Kong,1.0,2125.6
2026,3,Import,Dried deer velvet,녹용,Australia,1.0,0.1
2026,3,Import,Dried deer velvet,녹용,China,2.0,1160.0
2026,3,Import,Dried deer velvet,녹용,Hong Kong,1.0,400.0
2026,3,Import,Dried deer velvet,녹용,New Zealand,15.0,926.0
2026,3,Import,Dried deer velvet,녹용,Russia,7.0,8222.0
2026,3,Import,Dried deer velvet,녹용,USA,2.0,0.5
2026,3,Import,Frozen deer velvet,생녹용,New Zealand,5.0,20203.4
2026,4,Import,Dried deer velvet,녹용,Australia,1.0,0.1
2026,4,Import,Dried deer velvet,녹용,China,9.0,12696.0
2026,4,Import,Dried deer velvet,녹용,Hong Kong,1.0,400.0
2026,4,Import,Dried deer velvet,녹용,New Zealand,30.0,775.3
2026,4,Import,Dried deer velvet,녹용,Russia,6.0,5620.2
2026,4,Import,Dried deer velvet,녹용,USA,1.0,0.1
2026,4,Import,Frozen deer velvet,생녹용,New Zealand,3.0,8413.5
2026,5,Import,Dried deer velvet,녹용,Australia,3.0,0.3
2026,5,Import,Dried deer velvet,녹용,China,9.0,9137.0
2026,5,Import,Dried deer velvet,녹용,New Zealand,47.0,973.7
2026,5,Import,Dried deer velvet,녹용,Russia,3.0,1875.0
2026,5,Import,Dried deer velvet,녹용,USA,2.0,1.2
2026,5,Import,Frozen deer velvet,생녹용,New Zealand,2.0,3682.0
2026,6,Import,Dried deer velvet,녹용,Australia,2.0,0.5
2026,6,Import,Dried deer velvet,녹용,Canada,1.0,0.1
2026,6,Import,Dried deer velvet,녹용,China,5.0,6502.7
2026,6,Import,Dried deer velvet,녹용,Hong Kong,1.0,500.0
2026,6,Import,Dried deer velvet,녹용,New Zealand,32.0,995.7
2026,6,Import,Dried deer velvet,녹용,Russia,1.0,435.9
2026,6,Import,Frozen deer velvet,생녹용,New Zealand,1.0,3051.0
