"Harmonised Trade - Exports (Monthly)","","","","","","","","","","","","","","","","","","","","","","","","","","","","","","","","","","","","","","","","","","","","","","","","","","","","","","","","","","","",""
"","Korea, Republic of","","","","","","","","","","China, People's Republic of","","","","","","","","","","Hong Kong (Special Administrative Region)","","","","","","","","","","Macau (Special Administrative Region)","","","","","","","","","","Taiwan","","","","","","","","","","Viet Nam","","","","","","","","",""
" ","Animal products; horns and antlers, of deer, unworked or simply prepared but not cut to shape, and waste of such (excluding powder)","","Animal products; velvet and waste products (excluding powder), of deer, unworked, frozen","","Animal products; velvet and waste products (excluding powder), of deer, unworked, dried","","Animal products; velvet and waste products (excluding powder) of deer, unworked, other than frozen or dried","","Animal products; powder of horns and velvet, of deer","","Animal products; horns and antlers, of deer, unworked or simply prepared but not cut to shape, and waste of such (excluding powder)","","Animal products; velvet and waste products (excluding powder), of deer, unworked, frozen","","Animal products; velvet and waste products (excluding powder), of deer, unworked, dried","","Animal products; velvet and waste products (excluding powder) of deer, unworked, other than frozen or dried","","Animal products; powder of horns and velvet, of deer","","Animal products; horns and antlers, of deer, unworked or simply prepared but not cut to shape, and waste of such (excluding powder)","","Animal products; velvet and waste products (excluding powder), of deer, unworked, frozen","","Animal products; velvet and waste products (excluding powder), of deer, unworked, dried","","Animal products; velvet and waste products (excluding powder) of deer, unworked, other than frozen or dried","","Animal products; powder of horns and velvet, of deer","","Animal products; horns and antlers, of deer, unworked or simply prepared but not cut to shape, and waste of such (excluding powder)","","Animal products; velvet and waste products (excluding powder), of deer, unworked, frozen","","Animal products; velvet and waste products (excluding powder), of deer, unworked, dried","","Animal products; velvet and waste products (excluding powder) of deer, unworked, other than frozen or dried","","Animal products; powder of horns and velvet, of deer","","Animal products; horns and antlers, of deer, unworked or simply prepared but not cut to shape, and waste of such (excluding powder)","","Animal products; velvet and waste products (excluding powder), of deer, unworked, frozen","","Animal products; velvet and waste products (excluding powder), of deer, unworked, dried","","Animal products; velvet and waste products (excluding powder) of deer, unworked, other than frozen or dried","","Animal products; powder of horns and velvet, of deer",""
" ","Quantity","Free on board","Quantity","Free on board","Quantity","Free on board","Quantity","Free on board","Quantity","Free on board","Quantity","Free on board","Quantity","Free on board","Quantity","Free on board","Quantity","Free on board","Quantity","Free on board","Quantity","Free on board","Quantity","Free on board","Quantity","Free on board","Quantity","Free on board","Quantity","Free on board","Quantity","Free on board","Quantity","Free on board","Quantity","Free on board","Quantity","Free on board","Quantity","Free on board","Quantity","Free on board","Quantity","Free on board","Quantity","Free on board","Quantity","Free on board","Quantity","Free on board","Quantity","Free on board","Quantity","Free on board"
"2018M01",12000,1044073,17504,1520359,900,204722,0,0,0,0,0,0,36376,2584851,5000,71469,0,0,0,0,250,12976,2140,204040,0,0,0,0,0,0,0,0,0,0,0,0,0,0,0,0,0,0,1246,50000,0,0,0,0,0,0,0,0,0,0,0,0,0,0,0,0
"2018M02",9440,975731,14778,1514296,2991,908833,0,0,0,0,9727,1357266,88777,7815681,6,691,0,0,0,0,0,0,0,0,0,0,0,0,0,0,0,0,0,0,0,0,0,0,0,0,0,0,0,0,0,0,25,12590,0,0,0,0,0,0,0,0,0,0,0,0
"2018M03",0,0,7653,673770,1120,453568,0,0,0,0,5040,283770,77666,6457272,0,0,0,0,0,0,0,0,2202,77066,0,0,0,0,0,0,0,0,0,0,0,0,0,0,0,0,0,0,882,45329,21,11364,0,0,10,4750,0,0,251,66034,0,0,0,0,0,0
"2018M04",6500,557021,0,0,2191,986028,0,0,0,0,11170,1755418,49293,4645133,11,1414,0,0,0,0,0,0,0,0,0,0,0,0,0,0,0,0,0,0,0,0,0,0,0,0,0,0,1233,52077,6,559,0,0,0,0,0,0,0,0,0,0,0,0,0,0
"2018M05",1446,113500,6077,566586,1217,579484,0,0,0,0,0,0,41178,3423644,6,732,0,0,0,0,0,0,0,0,0,0,0,0,0,0,0,0,0,0,0,0,0,0,0,0,966,40446,0,0,0,0,0,0,0,0,0,0,0,0,0,0,0,0,0,0
"2018M06",1050,53604,1500,172000,4053,1755392,0,0,0,0,0,0,19290,1275552,55,7260,0,0,0,0,0,0,0,0,0,0,0,0,0,0,0,0,0,0,0,0,0,0,0,0,0,0,0,0,0,0,0,0,0,0,0,0,0,0,0,0,0,0,0,0
"2018M07",5537,440966,1672,120000,3130,1587301,0,0,0,0,5950,534335,0,0,55,7543,0,0,0,0,0,0,289,6194,0,0,0,0,0,0,0,0,0,0,0,0,0,0,0,0,0,0,0,0,0,0,0,0,0,0,0,0,0,0,0,0,0,0,0,0
"2018M08",0,0,4000,634000,1232,363499,0,0,0,0,0,0,6037,240137,28,3805,0,0,0,0,0,0,0,0,6,653,0,0,0,0,0,0,0,0,0,0,0,0,0,0,0,0,0,0,0,0,0,0,0,0,0,0,0,0,0,0,0,0,0,0
"2018M09",0,0,0,0,398,28248,0,0,0,0,2076,20763,1572,24055,865,46216,0,0,0,0,0,0,0,0,0,0,0,0,0,0,0,0,0,0,0,0,0,0,0,0,0,0,0,0,6,616,0,0,0,0,0,0,0,0,0,0,0,0,0,0
"2018M10",0,0,2504,244246,0,0,0,0,0,0,0,0,0,0,225,18784,0,0,0,0,0,0,0,0,279,162530,0,0,0,0,0,0,0,0,0,0,0,0,0,0,0,0,0,0,110,8212,0,0,0,0,0,0,0,0,0,0,0,0,0,0
"2018M11",17924,2105764,2000,363481,0,0,0,0,0,0,0,0,73451,4462966,84,7413,0,0,0,0,0,0,658,43819,0,0,0,0,0,0,0,0,0,0,0,0,0,0,0,0,0,0,768,35275,0,0,0,0,0,0,340,14756,150,39829,0,0,0,0,0,0
"2018M12",3000,292500,16692,1580708,0,0,0,0,0,0,5590,652751,72904,4187429,0,0,0,0,0,0,0,0,0,0,140,10570,0,0,0,0,0,0,0,0,0,0,0,0,0,0,0,0,0,0,6,595,0,0,0,0,0,0,0,0,0,0,0,0,0,0
"2019M01",9500,945511,7030,689557,2957,1334854,0,0,0,0,11317,1129487,63036,5843275,549,43820,0,0,0,0,0,0,0,0,66,5329,0,0,0,0,0,0,0,0,0,0,0,0,0,0,0,0,2805,225844,0,0,0,0,0,0,0,0,0,0,0,0,0,0,0,0
"2019M02",7556,732282,13325,1315075,825,153363,0,0,0,0,10374,1447728,61563,5435164,19,1486,0,0,0,0,0,0,0,0,44,3003,0,0,0,0,0,0,0,0,0,0,0,0,0,0,0,0,0,0,368,24000,0,0,0,0,0,0,100,24869,0,0,0,0,0,0
"2019M03",6500,650000,2000,180000,1893,908373,0,0,0,0,15917,891764,66203,3844601,0,0,0,0,0,0,0,0,0,0,100,645,0,0,0,0,0,0,0,0,0,0,0,0,0,0,0,0,1028,105777,150,59461,0,0,0,0,0,0,50,11982,0,0,0,0,0,0
"2019M04",3992,479021,3097,269207,3418,1134694,0,0,0,0,13082,795662,31622,3630733,0,0,0,0,0,0,0,0,0,0,33,2460,0,0,0,0,0,0,0,0,0,0,0,0,0,0,0,0,0,0,0,0,0,0,0,0,0,0,0,0,0,0,0,0,0,0
"2019M05",0,0,768,69098,1492,787309,0,0,0,0,7807,549901,48129,2877477,737,58971,0,0,0,0,0,0,0,0,1645,74829,0,0,0,0,0,0,0,0,0,0,0,0,0,0,0,0,0,0,24,1743,0,0,0,0,0,0,0,0,0,0,0,0,0,0
"2019M06",1200,108000,0,0,2111,470005,0,0,0,0,5768,86525,0,0,29,2276,0,0,0,0,0,0,0,0,40,3341,0,0,0,0,0,0,0,0,0,0,0,0,0,0,2841,54472,0,0,17,1411,0,0,0,0,0,0,0,0,0,0,0,0,0,0
"2019M07",21166,1956118,1000,90000,716,45993,0,0,0,0,0,0,0,0,139,10969,0,0,0,0,0,0,0,0,17,1183,0,0,0,0,0,0,0,0,0,0,0,0,0,0,0,0,0,0,0,0,0,0,0,0,0,0,1000,37941,0,0,0,0,0,0
"2019M08",0,0,0,0,2748,688952,0,0,0,0,0,0,0,0,229,15992,0,0,0,0,0,0,0,0,8,534,0,0,0,0,0,0,0,0,0,0,0,0,0,0,0,0,0,0,37,2596,0,0,0,0,0,0,1000,40977,0,0,0,0,0,0
"2019M09",0,0,0,0,350,26112,0,0,0,0,0,0,0,0,305,20917,0,0,0,0,0,0,0,0,0,0,0,0,0,0,0,0,0,0,0,0,0,0,0,0,0,0,0,0,0,0,0,0,0,0,0,0,0,0,0,0,0,0,0,0
"2019M10",0,0,1000,90000,684,46352,0,0,0,0,0,0,3000,47029,358,39719,0,0,0,0,0,0,0,0,55,4808,0,0,0,0,0,0,0,0,0,0,0,0,0,0,0,0,181,18069,80,7458,0,0,10,5820,0,0,1000,42878,0,0,0,0,0,0
"2019M11",9300,975588,6201,547844,431,28178,0,0,0,0,6592,95677,53443,2720621,6,805,0,0,0,0,0,0,0,0,40,2503,0,0,45,17982,0,0,0,0,0,0,0,0,0,0,0,0,356,14258,10,5600,0,0,0,0,0,0,280,67720,0,0,0,0,0,0
"2019M12",8000,835943,8500,649129,5,2954,0,0,0,0,16326,976996,83823,6093673,145,13220,0,0,0,0,0,0,816,56312,45,3496,0,0,0,0,0,0,0,0,0,0,0,0,0,0,0,0,2591,237064,0,0,0,0,0,0,0,0,0,0,0,0,0,0,0,0
"2020M01",10000,992594,1631,141000,240,70000,0,0,0,0,9661,1192540,75760,5263738,0,0,0,0,0,0,0,0,0,0,0,0,0,0,0,0,0,0,0,0,0,0,0,0,0,0,0,0,0,0,0,0,0,0,0,0,1500,59373,0,0,0,0,0,0,0,0
"2020M02",7223,802728,8700,892455,6121,2479931,0,0,0,0,963,9625,59473,4851832,0,0,0,0,0,0,0,0,0,0,0,0,0,0,0,0,0,0,0,0,0,0,0,0,0,0,0,0,0,0,0,0,0,0,0,0,1000,48144,100,25498,0,0,0,0,0,0
"2020M03",12155,1329334,0,0,2720,1208456,0,0,0,0,18321,1746067,80471,5826861,0,0,0,0,0,0,0,0,0,0,0,0,0,0,0,0,0,0,0,0,0,0,0,0,0,0,0,0,695,86683,659,300000,0,0,0,0,1176,52878,0,0,0,0,0,0,0,0
"2020M04",0,0,13000,1696697,3210,1346129,0,0,0,0,4260,511311,33039,1838428,0,0,0,0,0,0,0,0,0,0,0,0,0,0,0,0,0,0,0,0,0,0,0,0,0,0,0,0,0,0,20,12000,0,0,0,0,0,0,0,0,0,0,0,0,0,0
"2020M05",3610,359500,0,0,1205,421500,0,0,0,0,10904,977823,40941,4540579,0,0,0,0,0,0,0,0,0,0,0,0,0,0,0,0,0,0,0,0,0,0,0,0,0,0,712,278000,0,0,0,0,0,0,0,0,0,0,0,0,0,0,0,0,0,0
"2020M06",0,0,0,0,5844,2695390,0,0,0,0,11455,738283,16265,1684730,0,0,0,0,0,0,0,0,0,0,0,0,0,0,0,0,0,0,0,0,0,0,0,0,0,0,0,0,0,0,0,0,0,0,0,0,0,0,0,0,0,0,0,0,0,0
"2020M07",9000,1050513,2631,276160,2571,1143701,0,0,0,0,16219,1936955,17140,857020,0,0,0,0,0,0,0,0,0,0,22,18900,0,0,0,0,0,0,0,0,0,0,0,0,0,0,0,0,0,0,0,0,0,0,0,0,0,0,463,55698,0,0,0,0,0,0
"2020M08",0,0,0,0,645,316373,0,0,0,0,0,0,4562,166306,0,0,0,0,0,0,0,0,0,0,17,3721,0,0,0,0,0,0,0,0,0,0,0,0,0,0,0,0,0,0,0,0,0,0,0,0,0,0,0,0,0,0,0,0,0,0
"2020M09",0,0,0,0,0,0,0,0,10,7900,0,0,0,0,0,0,0,0,0,0,0,0,0,0,667,469743,0,0,0,0,0,0,0,0,0,0,0,0,0,0,0,0,1294,129359,0,0,0,0,0,0,0,0,0,0,0,0,0,0,0,0
"2020M10",0,0,0,0,1901,565000,0,0,0,0,476,23959,3180,160031,0,0,0,0,0,0,0,0,0,0,0,0,0,0,0,0,0,0,0,0,0,0,0,0,0,0,0,0,0,0,102,42000,0,0,0,0,0,0,0,0,0,0,0,0,0,0
"2020M11",6000,557370,800,133200,0,0,0,0,0,0,4739,525383,54238,4252514,0,0,0,0,0,0,0,0,0,0,0,0,0,0,0,0,0,0,0,0,0,0,0,0,0,0,0,0,0,0,0,0,0,0,0,0,0,0,250,52920,0,0,0,0,0,0
"2020M12",11500,1209505,14775,1760016,0,0,0,0,0,0,396,16997,122399,10758385,0,0,0,0,0,0,0,0,0,0,0,0,0,0,0,0,0,0,0,0,0,0,0,0,0,0,0,0,400,29400,0,0,0,0,0,0,1063,74615,100,22554,0,0,0,0,0,0
"2021M01",6000,505311,622,182996,1280,384107,0,0,0,0,5219,557474,100536,9452422,0,0,0,0,0,0,0,0,395,24908,0,0,0,0,0,0,0,0,0,0,0,0,0,0,0,0,0,0,0,0,0,0,0,0,0,0,0,0,150,31915,0,0,0,0,0,0
"2021M02",10500,1077619,0,0,1278,412642,0,0,0,0,0,0,12870,1446959,0,0,0,0,0,0,0,0,0,0,0,0,0,0,0,0,0,0,0,0,0,0,0,0,0,0,0,0,0,0,0,0,0,0,0,0,0,0,0,0,0,0,0,0,0,0
"2021M03",0,0,5500,678072,4168,1805238,0,0,0,0,0,0,78008,6550360,0,0,0,0,0,0,0,0,0,0,176,153219,0,0,0,0,0,0,0,0,0,0,0,0,0,0,0,0,0,0,0,0,0,0,0,0,0,0,0,0,0,0,0,0,0,0
"2021M04",5000,582030,1500,135000,1893,558948,0,0,1816,777028,29346,3115582,76718,5987445,0,0,0,0,0,0,0,0,0,0,0,0,0,0,0,0,0,0,0,0,0,0,0,0,0,0,0,0,140,17291,0,0,0,0,0,0,0,0,0,0,0,0,0,0,0,0
"2021M05",0,0,7342,693095,1796,592161,0,0,1764,754720,3575,138250,73996,6990391,0,0,0,0,0,0,0,0,1603,50346,0,0,0,0,0,0,0,0,0,0,0,0,0,0,0,0,0,0,2300,254994,0,0,0,0,0,0,1080,65405,0,0,0,0,0,0,0,0
"2021M06",5000,589614,380,44740,1962,759511,0,0,0,0,20322,1325855,50199,3797873,0,0,2500,96542,0,0,0,0,0,0,0,0,0,0,0,0,0,0,0,0,0,0,0,0,0,0,0,0,0,0,0,0,0,0,0,0,0,0,0,0,0,0,0,0,0,0
"2021M07",160,65500,500,45000,2167,1018687,0,0,0,0,13730,1141912,11646,1198085,0,0,0,0,0,0,0,0,0,0,0,0,0,0,0,0,0,0,0,0,0,0,0,0,0,0,0,0,0,0,0,0,0,0,0,0,0,0,0,0,0,0,0,0,0,0
"2021M08",0,0,4378,435774,1299,397729,0,0,0,0,0,0,3540,235049,0,0,0,0,0,0,0,0,0,0,0,0,0,0,0,0,0,0,0,0,0,0,0,0,0,0,0,0,0,0,0,0,0,0,0,0,0,0,236,18900,0,0,0,0,0,0
"2021M09",0,0,0,0,0,0,0,0,0,0,0,0,6464,383346,0,0,0,0,0,0,0,0,0,0,90,67032,0,0,0,0,0,0,0,0,0,0,0,0,0,0,0,0,0,0,0,0,0,0,0,0,0,0,0,0,0,0,0,0,0,0
"2021M10",17,11560,3000,286523,0,0,0,0,0,0,0,0,0,0,0,0,0,0,0,0,0,0,0,0,0,0,0,0,0,0,0,0,0,0,0,0,0,0,0,0,0,0,0,0,0,0,0,0,0,0,0,0,0,0,0,0,0,0,0,0
"2021M11",1500,270043,3000,286523,150,48000,0,0,0,0,0,0,54223,4117915,0,0,0,0,0,0,0,0,0,0,0,0,0,0,0,0,0,0,0,0,0,0,0,0,0,0,0,0,201,24110,0,0,0,0,0,0,0,0,0,0,0,0,0,0,0,0
"2021M12",20898,2471476,14000,1464876,5,6000,0,0,0,0,0,0,67217,6380584,0,0,0,0,0,0,0,0,0,0,44,35505,0,0,0,0,0,0,0,0,0,0,0,0,0,0,0,0,0,0,0,0,0,0,0,0,0,0,200,33750,0,0,0,0,0,0
"2022M01",16000,1627527,13000,1331523,1097,375649,0,0,0,0,29209,3846979,103970,11155786,0,0,0,0,0,0,0,0,0,0,0,0,0,0,0,0,0,0,0,0,0,0,0,0,0,0,0,0,0,0,0,0,0,0,0,0,0,0,0,0,0,0,0,0,0,0
"2022M02",0,0,1500,135000,1301,425835,0,0,664,195694,0,0,124048,13690625,0,0,0,0,0,0,0,0,0,0,0,0,0,0,0,0,0,0,0,0,0,0,0,0,0,0,0,0,0,0,0,0,0,0,0,0,0,0,0,0,0,0,0,0,0,0
"2022M03",0,0,2841,1099801,3605,1299794,0,0,0,0,1329,56456,72329,8794160,0,0,0,0,0,0,0,0,0,0,0,0,0,0,0,0,0,0,0,0,0,0,0,0,0,0,7673,153450,141,20677,0,0,0,0,0,0,0,0,0,0,0,0,0,0,0,0
"2022M04",0,0,6000,586523,5879,2300373,0,0,0,0,20912,3154146,79543,7752387,4257,125622,0,0,0,0,0,0,0,0,0,0,0,0,0,0,0,0,0,0,0,0,0,0,0,0,0,0,771,102167,0,0,0,0,0,0,0,0,0,0,0,0,0,0,0,0
"2022M05",0,0,1279,178078,4903,1671026,0,0,0,0,10573,1415728,30171,3185029,22,11543,0,0,9,8580,0,0,0,0,0,0,0,0,0,0,0,0,0,0,0,0,0,0,0,0,0,0,0,0,897,492315,0,0,0,0,0,0,0,0,0,0,0,0,0,0
"2022M06",4905,627779,11991,1189016,4278,1448441,0,0,0,0,7420,355092,32539,3051418,0,0,0,0,0,0,0,0,1108,63254,95,24738,0,0,0,0,0,0,0,0,0,0,0,0,0,0,0,0,0,0,0,0,0,0,0,0,0,0,0,0,0,0,0,0,0,0
"2022M07",0,0,2000,181523,0,0,0,0,0,0,10663,950405,30715,4137757,0,0,0,0,0,0,0,0,0,0,0,0,0,0,0,0,0,0,0,0,0,0,0,0,0,0,0,0,0,0,0,0,0,0,0,0,0,0,250,70589,0,0,0,0,0,0
"2022M08",2981,862618,0,0,4181,1263587,0,0,0,0,0,0,11690,360692,0,0,0,0,0,0,0,0,0,0,0,0,0,0,0,0,0,0,0,0,0,0,0,0,0,0,0,0,0,0,0,0,0,0,69,42444,0,0,500,74100,0,0,0,0,0,0
"2022M09",0,0,0,0,3568,1884885,0,0,0,0,0,0,5137,654240,0,0,0,0,0,0,0,0,0,0,46,38815,0,0,0,0,0,0,0,0,0,0,0,0,0,0,0,0,0,0,173,47403,0,0,0,0,0,0,0,0,0,0,0,0,0,0
"2022M10",0,0,1519,144336,2486,1259247,1000,437800,0,0,0,0,0,0,0,0,0,0,0,0,0,0,6508,863820,0,0,0,0,0,0,0,0,0,0,0,0,0,0,0,0,8237,213555,0,0,0,0,0,0,0,0,0,0,0,0,0,0,0,0,0
"2022M11",0,0,5000,550000,0,0,0,0,0,0,0,0,8570,1139710,0,0,0,0,0,0,0,0,0,0,42,35406,0,0,0,0,0,0,0,0,0,0,0,0,0,0,0,4968,125658,0,0,0,0,0,0,0,0,0,0,0,0,0,0,0,0,0,0
"2022M12",2000,172424,17720,1768891,0,0,0,0,0,0,9413,1120672,46410,4038356,0,0,0,0,0,0,0,0,0,0,0,0,0,0,0,0,0,0,0,0,0,0,0,0,0,0,0,0,303,39225,0,0,0,0,0,0,0,0,0,0,0,0,0,0,0,0
"2023M01",0,0,10500,1094175,3593,1904177,1000,395208,0,0,9858,1174299,72553,6139350,0,0,0,0,0,0,0,0,0,0,0,0,0,0,0,0,0,0,0,0,0,0,0,0,0,0,0,0,0,0,0,0,0,0,0,0,0,0,0,0,0,0,0,0,0,0
"2023M02",0,0,28490,2862346,3447,1734239,0,0,0,0,25172,2982767,78991,7742809,0,0,0,0,0,0,0,0,0,0,95,82296,0,0,0,0,0,0,0,0,0,0,0,0,0,0,0,0,0,0,120,51500,11,1400,0,0,0,0,0,0,0,0,0,0,0,0
"2023M03",500,42710,18000,2111000,6090,2469498,0,0,0,0,15095,1476507,114667,11780267,0,0,0,0,0,0,0,0,0,0,116,20568,0,0,0,0,0,0,0,0,0,0,0,0,0,0,0,0,521,60116,1056,422000,0,0,0,0,0,0,0,0,997,72950,0,0,0,0
"2023M04",0,0,12775,1321452,4128,1455732,1000,400174,0,0,11643,1426947,129589,14302674,0,0,0,0,0,0,0,0,0,0,0,0,10,6500,0,0,0,0,0,0,0,0,0,0,0,0,0,0,1545,182803,0,0,0,0,0,0,0,0,200,30100,0,0,0,0,0,0
"2023M05",4572,426124,3293,312330,4810,2414617,0,0,126,78438,24645,1051503,80083,6884664,0,0,0,0,0,0,0,0,1000,53434,0,0,0,0,0,0,0,0,0,0,0,0,0,0,0,0,0,0,0,0,0,0,0,0,0,0,0,0,0,0,0,0,0,0,0,0
"2023M06",5000,573885,5000,550000,4210,1318230,0,0,126,78438,3519,87970,4937,92059,0,0,0,0,0,0,0,0,0,0,0,0,0,0,0,0,0,0,0,0,0,0,0,0,0,0,0,0,0,0,349,104757,0,0,0,0,0,0,0,0,0,0,0,0,0,0
"2023M07",2100,181072,6362,664826,4018,1963564,0,0,0,0,6253,213094,7132,571959,0,0,0,0,0,0,0,0,0,0,0,0,0,0,0,0,0,0,0,0,0,0,0,0,0,0,0,0,0,0,0,0,0,0,0,0,0,0,0,0,0,0,0,0,0,0
"2023M08",0,0,500,45000,5709,2094034,0,0,0,0,0,0,0,0,0,0,0,0,0,0,0,0,0,0,0,0,0,0,0,0,0,0,0,0,0,0,0,0,0,0,55,1100,0,0,0,0,41,36738,0,0,0,0,0,0,0,0,0,0,0,0
"2023M09",0,0,5079,502773,4278,1480878,0,0,0,0,0,0,0,0,0,0,0,0,0,0,0,0,0,0,0,0,0,0,0,0,0,0,0,0,0,0,0,0,0,0,0,0,0,0,0,0,0,0,0,0,0,0,0,0,0,0,0,0,0,0
"2023M10",0,0,0,0,1584,794585,0,0,500,280000,0,0,3300,297000,0,0,0,0,0,0,0,0,0,0,1344,326673,0,0,0,0,0,0,0,0,0,0,0,0,0,0,0,0,356,48176,0,0,0,0,0,0,0,0,0,0,0,0,0,0,0,0
"2023M11",0,0,300,27000,2435,1206241,0,0,0,0,33418,3179028,50150,4949788,0,0,0,0,0,0,0,0,0,0,1831,340289,0,0,0,0,0,0,0,0,0,0,0,0,0,0,0,0,0,0,0,0,0,0,0,0,0,0,0,0,0,0,0,0,0,0
"2023M12",5000,494881,5321,532110,0,0,0,0,0,0,81156,6987787,170454,17091361,0,0,0,0,0,0,0,0,0,0,0,0,0,0,0,0,0,0,0,0,0,0,0,0,0,0,0,0,0,0,0,0,0,0,0,0,0,0,0,0,0,0,0,0,0,0
"2024M01",0,0,1000,121000,5640,2814432,0,0,0,0,11068,991721,73033,7477114,0,0,0,0,0,0,0,0,0,0,908,52272,0,0,0,0,0,0,0,0,0,0,0,0,0,0,0,0,0,0,0,0,0,0,0,0,0,0,0,0,0,0,0,0,0,0
"2024M02",10000,995574,13000,1264447,1185,512701,0,0,0,0,48216,4992868,194263,21190340,0,0,0,0,0,0,0,0,0,0,0,0,0,0,0,0,0,0,0,0,0,0,0,0,0,0,40,39540,0,0,0,0,0,0,0,0,0,0,0,0,0,0,0,0,0,0
"2024M03",0,0,2000,180000,2073,324500,0,0,0,0,32135,2437401,165970,14402665,0,0,0,0,0,0,416,16838,0,0,2015,200989,0,0,0,0,0,0,0,0,0,0,0,0,0,0,0,0,853,119433,600,374000,0,0,0,0,0,0,0,0,0,0,0,0,0,0
"2024M04",0,0,9096,879805,997,378061,0,0,33,4050,1335,26705,11238,1042473,0,0,0,0,0,0,0,0,0,0,1121,162210,0,0,0,0,0,0,0,0,0,0,0,0,0,0,0,0,330,44601,0,0,0,0,0,0,0,0,0,0,0,0,0,0,0,0
"2024M05",0,0,4723,424484,1972,831707,0,0,0,0,2886,86571,0,0,0,0,0,0,0,0,0,0,0,0,1198,180983,0,0,0,0,0,0,0,0,0,0,0,0,0,0,0,0,0,0,172,13095,0,0,0,0,0,0,0,0,0,0,0,0,0,0
"2024M06",0,0,0,0,0,0,0,0,51,6818,0,0,5535,262979,0,0,0,0,0,0,0,0,0,0,0,0,0,0,0,0,0,0,0,0,0,0,0,0,0,0,0,0,0,0,0,0,0,0,0,0,0,0,0,0,0,0,0,0,0,0
"2024M07",0,0,530,45700,0,0,0,0,2890,1400000,0,0,0,0,0,0,0,0,0,0,0,0,0,0,3116,297700,0,0,0,0,0,0,0,0,0,0,0,0,0,0,0,0,440,61635,0,0,0,0,0,0,0,0,0,0,0,0,0,0,0,0
"2024M08",0,0,3002,295218,0,0,0,0,0,0,0,0,0,0,0,0,0,0,0,0,0,0,0,0,0,0,0,0,0,0,0,0,0,0,0,0,0,0,0,0,0,0,0,0,5,2900,0,0,0,0,0,0,0,0,0,0,0,0,0,0
"2024M09",0,0,0,0,0,0,0,0,0,0,0,0,0,0,0,0,0,0,0,0,0,0,0,0,1204,69651,0,0,0,0,0,0,0,0,0,0,0,0,0,0,0,0,0,0,0,0,0,0,0,0,0,0,0,0,0,0,0,0,0,0
"2024M10",0,0,0,0,1000,392000,0,0,0,0,0,0,0,0,0,0,0,0,0,0,0,0,0,0,1496,181256,0,0,0,0,0,0,0,0,0,0,0,0,0,0,0,0,0,0,0,0,0,0,0,0,0,0,0,0,0,0,0,0,0,0
"2024M11",6625,593745,5440,440519,0,0,0,0,0,0,0,0,0,0,0,0,0,0,0,0,0,0,0,0,1338,127898,0,0,0,0,0,0,0,0,0,0,0,0,0,0,0,0,0,0,0,0,0,0,0,0,0,0,0,0,0,0,0,0,0,0
"2024M12",500,38500,19941,1618960,0,0,0,0,0,0,16245,520890,138258,11082574,0,0,0,0,0,0,0,0,0,0,3391,487990,0,0,0,0,0,0,0,0,0,0,0,0,0,0,0,0,0,0,0,0,0,0,0,0,0,0,0,0,0,0,0,0,0,0
"2025M01",0,0,6026,641073,0,0,0,0,0,0,0,0,29257,2314606,0,0,0,0,0,0,0,0,187,68318,35,35341,0,0,0,0,0,0,0,0,0,0,0,0,0,0,0,0,0,0,0,0,0,0,0,0,0,0,0,0,0,0,0,0,0,0
"2025M02",0,0,33174,2817673,323,116902,0,0,131,81563,2201,66068,194109,16211186,0,0,0,0,0,0,0,0,0,0,0,0,0,0,0,0,0,0,0,0,0,0,0,0,0,0,2854,71939,536,49975,600,236249,0,0,0,0,0,0,0,0,0,0,0,0,0,0
"2025M03",0,0,6565,463024,1454,368050,0,0,0,0,928,35875,197825,17011478,0,0,0,0,0,0,0,0,0,0,0,0,0,0,0,0,0,0,0,0,0,0,0,0,0,0,0,0,286,28562,317,125100,0,0,0,0,0,0,0,0,0,0,0,0,0,0
"2025M04",0,0,8196,602033,1024,420614,0,0,0,0,1696,101675,163758,14836277,132,31105,0,0,0,0,0,0,0,0,1794,194500,0,0,0,0,0,0,0,0,0,0,0,0,0,0,0,0,450,47250,137,27454,0,0,0,0,0,0,0,0,0,0,0,0,0,0
"2025M05",0,0,1400,115367,0,0,0,0,0,0,643,27979,99309,7845316,0,0,0,0,0,0,0,0,0,0,0,0,0,0,77,21186,0,0,0,0,0,0,0,0,0,0,0,0,349,34923,78,15522,0,0,0,0,0,0,0,0,0,0,0,0,0,0
"2025M06",0,0,6994,671263,0,0,0,0,0,0,4825,240950,79449,6662950,0,0,0,0,0,0,0,0,0,0,12,12338,0,0,0,0,0,0,0,0,0,0,0,0,0,0,0,0,0,0,0,0,0,0,0,0,0,0,0,0,0,0,0,0,0,0
"2025M07",0,0,0,0,0,0,0,0,108,13500,5272,215758,0,0,0,0,0,0,0,0,0,0,0,0,0,0,0,0,0,0,0,0,0,0,0,0,0,0,0,0,0,0,0,0,0,0,0,0,0,0,0,0,0,0,0,0,0,0,0,0
"2025M08",0,0,0,0,1864,686809,0,0,0,0,2628,78846,0,0,0,0,0,0,0,0,0,0,0,0,0,0,0,0,0,0,0,0,0,0,0,0,0,0,0,0,0,0,0,0,0,0,0,0,0,0,0,0,0,0,0,0,0,0,0,0
"2025M09",0,0,3204,252071,3647,1316594,0,0,0,0,5127,267677,0,0,0,0,0,0,0,0,0,0,0,0,0,0,0,0,0,0,0,0,0,0,0,0,0,0,0,0,0,0,0,0,18,7044,0,0,0,0,0,0,0,0,0,0,0,0,0,0
"2025M10",0,0,0,0,0,0,0,0,150,93750,6912,228310,1620,36282,0,0,0,0,0,0,0,0,0,0,0,0,0,0,0,0,0,0,0,0,0,0,0,0,0,0,0,0,0,0,0,0,0,0,0,0,0,0,0,0,0,0,0,0,0,0
"2025M11",0,0,500,28360,0,0,0,0,0,0,7819,228041,19942,1149878,0,0,0,0,0,0,0,0,0,0,1438,172256,0,0,475,143003,0,0,0,0,0,0,0,0,0,0,0,0,355,39103,0,0,0,0,0,0,0,0,0,0,0,0,0,0,0,0
"2025M12",0,0,10994,898814,0,0,0,0,0,0,14844,493759,113815,7359872,0,0,0,0,0,0,0,0,0,0,0,0,0,0,0,0,0,0,0,0,0,0,0,0,0,0,0,0,0,0,0,0,0,0,0,0,0,0,0,0,0,0,0,0,0,0
"2026M01",0,0,3021,268745,0,0,0,0,0,0,0,0,154383,10132831,0,0,0,0,0,0,0,0,0,0,0,0,0,0,0,0,0,0,0,0,0,0,0,0,0,0,0,0,0,0,0,0,0,0,0,0,0,0,0,0,0,0,0,0,0,0
"2026M02",7703,549420,5028,462793,0,0,0,0,10,5100,0,0,122563,7916781,0,0,0,0,0,0,0,0,0,0,35,33008,0,0,0,0,0,0,0,0,0,0,0,0,0,0,0,0,400,42000,0,0,0,0,0,0,0,0,0,0,0,0,0,0,0,0
"2026M03",5000,394915,5500,486535,924,214251,0,0,0,0,3810,117302,168050,13029041,0,0,0,0,0,0,0,0,0,0,0,0,0,0,0,0,0,0,0,0,0,0,0,0,0,0,0,0,526,55241,0,0,0,0,0,0,0,0,0,0,0,0,0,0,0,0
"2026M04",0,0,3082,178756,770,227868,0,0,0,0,1610,126210,107400,8581861,0,0,0,0,0,0,0,0,0,0,0,0,0,0,121,24395,0,0,0,0,0,0,0,0,0,0,0,0,0,0,0,0,0,0,0,0,0,0,0,0,0,0,0,0,0,0
"2026M05",0,0,3051,268500,968,285745,0,0,0,0,4805,272024,186760,13810933,0,0,0,0,0,0,0,0,0,0,2076,220067,0,0,0,0,0,0,0,0,0,0,0,0,0,0,0,0,0,0,0,0,0,0,0,0,0,0,0,0,0,0,0,0,0,0
"Table information:"
"Units:"
"Free on board: Dollars, Magnitude = Units (in 1s)"
"Quantity: Number, Magnitude = Units (in 1s)"
""
"Footnotes:"
""
"Quantity unit:"
"Code 0507900002: Kgms"
"Code 0507900011: Kgms"
"Code 0507900012: Kgms"
"Code 0507900015: Kgms"
"Code 0507900038: Kgms"
" "
"Data is provisional for the three most recently released months."
"Aggregated Harmonised System (HS) codes may include confidential 10 digit codes, in which case the summed data will exclude the confidential value(s)."
"All dollar values are in New Zealand dollars unless otherwise stated."
"For more information, please see www.stats.govt.nz/trade"
" "
"Symbols:"
".. figure not available"
"C: Confidential"
"E: Early Estimate"
"P: Provisional"
"R: Revised"
"S: Suppressed"
"N: No applicable data can be displayed"
""
"Status flags are not displayed"
""
"Table reference: "
"TEX001F"
""
"Last updated:"
"Free on board: 19 June 2026 10:45am"
"Quantity: 19 June 2026 10:45am"
""
"Source: Statistics New Zealand"
"Contact: Information Centre"
"Telephone: 0508 525 525"
"Email:info@stats.govt.nz"
""
""
""
