quarter,title,file
2026 Q2,Quarterly Report for Deer Velvet in Korea — 2026 Q2,reports/2026-Q2.pdf
2026 Q1,Quarterly Report for Deer Velvet in Korea — 2026 Q1,reports/2026-Q1.pdf
2025 Q2,Quarterly Report for Deer Velvet in Korea — 2025 Q2,reports/2025-Q2.pdf
2025 Q1,Quarterly Report for Deer Velvet in Korea — 2025 Q1,reports/2025-Q1.pdf
2024 Q4,Quarterly Report for Deer Velvet in Korea — 2024 Q4,reports/2024-Q4.pdf
2024 Q3,Quarterly Report for Deer Velvet in Korea — 2024 Q3,reports/2024-Q3.pdf
2024 Q2,Quarterly Report for Deer Velvet in Korea — 2024 Q2,reports/2024-Q2.pdf
2024 Q1,Quarterly Report for Deer Velvet in Korea — 2024 Q1,reports/2024-Q1.pdf
2023 Q3,Quarterly Report for Deer Velvet in Korea — 2023 Q3,reports/2023-Q3.pdf
2023 Q2,Quarterly Report for Deer Velvet in Korea — 2023 Q2,reports/2023-Q2.pdf
2023 Q1,Quarterly Report for Deer Velvet in Korea — 2023 Q1,reports/2023-Q1.pdf
2022 Q4,Quarterly Report for Deer Velvet in Korea — 2022 Q4,reports/2022-Q4.pdf
2022 Q3,Quarterly Report for Deer Velvet in Korea — 2022 Q3,reports/2022-Q3.pdf
2022 Q1,Quarterly Report for Deer Velvet in Korea — 2022 Q1,reports/2022-Q1.pdf
2021 Q1,Quarterly Report for Deer Velvet in Korea — 2021 Q1,reports/2021-Q1.pdf
2016 Q4,Quarterly Report for Deer Velvet in Korea — 2016 Q4,reports/2016-Q4.pdf
2016 Q2,Quarterly Report for Deer Velvet in Korea — 2016 Q2,reports/2016-Q2.pdf
2015 Q2,Quarterly Report for Deer Velvet in Korea — 2015 Q2,reports/2015-Q2.pdf
2015 Q1,Quarterly Report for Deer Velvet in Korea — 2015 Q1,reports/2015-Q1.pdf
2014 Q4,Quarterly Report for Deer Velvet in Korea — 2014 Q4,reports/2014-Q4.pdf
2014 Q3,Quarterly Report for Deer Velvet in Korea — 2014 Q3,reports/2014-Q3.pdf
2014 Q2,Quarterly Report for Deer Velvet in Korea — 2014 Q2,reports/2014-Q2.pdf
2014 Q1,Quarterly Report for Deer Velvet in Korea — 2014 Q1,reports/2014-Q1.pdf
2013 Q4,Quarterly Report for Deer Velvet in Korea — 2013 Q4,reports/2013-Q4.pdf
2013 Q3,Quarterly Report for Deer Velvet in Korea — 2013 Q3,reports/2013-Q3.pdf
2013 Q2,Quarterly Report for Deer Velvet in Korea — 2013 Q2,reports/2013-Q2.pdf
2013 Q1,Quarterly Report for Deer Velvet in Korea — 2013 Q1,reports/2013-Q1.pdf
2012 Q3,Quarterly Report for Deer Velvet in Korea — 2012 Q3,reports/2012-Q3.pdf
2012 Q2,Quarterly Report for Deer Velvet in Korea — 2012 Q2,reports/2012-Q2.pdf
2011 Q2,Quarterly Report for Deer Velvet in Korea — 2011 Q2,reports/2011-Q2.pdf
2010 Q3,Quarterly Report for Deer Velvet in Korea — 2010 Q3,reports/2010-Q3.pdf
2010 Q2,Quarterly Report for Deer Velvet in Korea — 2010 Q2,reports/2010-Q2.pdf
2010 Q1,Quarterly Report for Deer Velvet in Korea — 2010 Q1,reports/2010-Q1.pdf
